iteration,0,1,2,3,4,5,6,7,8,9,10,11,12,13,14,15,16,17,18,19,20,21,22,23,24,25,26,27,28,29,30,31,32,33,34,35,36,37,38,39,40,41,42,43,44,45,46,47,48,49
0,0.00000,0.00000,0.00000,0.00000,0.00000,0.521115,0.00000,0.823509,0.00000,2.05414,0.00000,0.967042,0.00000,0.726397,0.00000,1.37147,0.00000,2.44028,0.00000,0.941394,0.00000,1.04286,0.00000,0.583274,0.00000,1.26969,0.00000,1.76074,0.00000,0.829672,0.00000,0.578893,0.00000,0.677079,0.00000,1.90345,0.00000,0.963238,0.00000,0.832138,0.00000,0.565691,0.00000,1.30860,0.00000,0.00000,0.00000,0.00000,0.00000,0.00000
1000,0.00000,0.00000,0.00000,0.00000,4.80806,1.04571,2.78379,1.94886,2.59635,3.39542,2.00990,1.59797,2.03699,2.62190,2.88132,1.94113,2.69950,1.20475,1.29415,1.91889,1.74110,0.921514,1.56650,1.48088,0.746701,1.77239,1.40273,2.67250,1.58462,4.41206,1.35667,5.14529,2.43007,2.51726,1.61783,1.81269,2.55024,2.69227,2.48350,1.83759,2.78383,0.536623,0.903869,1.10199,4.15307,0.00000,0.00000,0.00000,0.00000,0.00000
2000,0.00000,0.00000,0.00000,0.00000,1.24587,2.22847,2.55136,2.97857,3.01666,4.79281,2.64681,3.18446,2.14360,2.63174,2.71700,2.52807,2.55071,2.15289,1.74883,3.48285,1.37288,2.10811,0.895167,1.68544,1.18586,1.59646,2.94818,1.26691,2.21051,3.48783,2.55793,3.33807,2.43672,2.35173,4.02502,1.97734,5.46670,1.87342,1.11007,3.73103,2.78855,1.30570,0.623397,0.699149,7.15487,0.00000,0.00000,0.00000,0.00000,0.00000
3000,0.00000,0.00000,0.00000,0.00000,2.89545,0.755505,1.54983,2.72153,1.10059,1.02219,1.56932,1.17091,1.35201,1.79939,0.906860,1.44670,2.11883,0.979193,0.602769,0.856575,2.72782,2.98491,0.805632,0.719537,2.10541,0.630848,0.790180,1.93576,1.41412,2.67051,0.538004,3.83617,1.10603,2.34172,2.22436,1.89024,1.43824,0.749419,1.92666,1.54604,1.60880,2.21708,0.975976,1.35140,1.87739,0.00000,0.00000,0.00000,0.00000,0.00000
4000,0.00000,0.00000,0.00000,0.00000,0.866568,1.03150,1.28916,1.03903,1.21230,2.31286,1.59463,2.00698,1.10865,1.10457,1.43593,0.886683,1.06730,0.453035,2.60642,2.17756,1.21411,1.44367,1.20907,0.509712,1.67658,1.04750,0.680277,1.36669,1.69040,1.65901,1.18809,1.79373,1.35265,1.03267,2.02999,0.750493,0.544231,0.913703,1.68754,1.28859,1.73123,2.38020,1.08948,1.10550,3.86334,0.00000,0.00000,0.00000,0.00000,0.00000
5000,0.00000,0.00000,0.00000,0.00000,2.76860,0.773282,3.58433,0.674186,2.04696,2.10689,2.00376,2.86940,0.231998,1.86464,2.24920,1.30081,3.53722,0.825764,0.774679,0.260620,1.37516,1.02021,1.47727,1.18691,1.48495,1.30987,1.30160,1.19232,1.33793,2.74412,1.14164,0.791993,2.39292,2.20214,1.56105,0.789990,1.29872,3.07814,2.29709,1.98195,1.33574,1.03262,1.80341,2.12714,5.73734,0.00000,0.00000,0.00000,0.00000,0.00000
6000,0.00000,0.00000,0.00000,0.00000,0.223407,1.27501,0.656659,1.19820,0.880334,1.97481,1.21189,0.986196,2.17432,1.33190,0.751275,1.33858,1.58164,0.797172,0.958923,1.11399,0.992938,1.83697,1.38562,1.12948,1.80739,2.23240,1.97134,0.874064,1.13706,2.65205,1.32670,2.23576,0.955495,0.988854,1.89169,1.54212,0.959591,2.10555,1.66455,2.23890,1.22861,1.75005,2.33190,3.17249,5.45158,0.00000,0.00000,0.00000,0.00000,0.00000
7000,0.00000,0.00000,0.00000,0.00000,1.39460,1.51604,1.29962,0.678348,0.886168,2.02517,1.17294,1.36312,1.14124,1.95218,0.657574,2.43823,2.99802,0.464268,1.07169,1.14658,1.11454,1.43023,0.794380,1.37328,1.45660,2.24812,0.658483,1.03605,0.969570,2.05144,0.900867,1.17841,3.09565,0.961892,0.721526,1.39532,2.31126,0.669184,1.86506,1.42347,2.54672,3.61332,1.88278,1.85862,3.40208,0.00000,0.00000,0.00000,0.00000,0.00000
8000,0.00000,0.00000,0.00000,0.00000,1.47064,1.83097,0.363357,2.08028,1.24873,2.50496,1.64080,3.78387,2.47539,1.78639,2.57658,2.48152,2.50241,1.34310,1.28641,2.19700,1.12627,0.625892,1.47250,1.95604,2.28246,2.13657,2.18516,0.305439,1.31854,1.93005,1.18435,2.51887,0.479775,1.01255,1.20198,1.57752,1.41378,1.17440,0.848559,1.48350,1.50335,0.817788,1.19566,1.19966,6.50196,0.00000,0.00000,0.00000,0.00000,0.00000
9000,0.00000,0.00000,0.00000,0.00000,2.14551,0.873916,1.42706,0.370672,0.501395,0.907534,1.79104,2.32145,1.29204,1.61388,2.16022,1.37985,1.58678,1.13568,1.36595,2.10577,1.86145,2.31573,1.53480,0.919879,1.66060,1.34600,1.84907,0.477297,2.17416,1.14492,2.15336,1.20020,0.995226,0.830771,2.77527,1.31502,2.71843,1.95659,1.16562,1.78610,1.93287,3.09155,2.02533,1.25926,6.23816,0.00000,0.00000,0.00000,0.00000,0.00000
10000,0.00000,0.00000,0.00000,0.00000,3.27569,0.820199,1.60295,1.30945,0.917049,1.37119,1.00977,1.85577,1.55368,0.837674,2.97541,1.76916,1.10330,1.23204,0.794344,1.94017,0.461709,1.62685,2.32024,0.746381,1.36928,2.25191,0.872983,1.66183,1.79709,1.27875,0.970391,2.21198,1.92701,1.54537,1.94710,0.867394,1.48069,1.91118,0.872234,1.27047,0.692666,1.65737,2.34726,0.844337,8.35266,0.00000,0.00000,0.00000,0.00000,0.00000
11000,0.00000,0.00000,0.00000,0.00000,4.23954,1.46697,1.11398,0.437322,1.09943,2.15986,0.626872,1.44861,1.44528,1.10030,1.73294,0.858486,0.952560,0.772315,0.769298,2.74500,1.20829,2.77893,0.652634,2.48841,1.20278,2.40192,0.608982,1.38118,1.07607,1.88198,2.42755,1.92474,1.62539,0.867245,1.00780,0.878779,2.43864,0.847405,2.24199,0.414984,0.935961,1.68636,2.07099,2.71600,2.74600,0.00000,0.00000,0.00000,0.00000,0.00000
12000,0.00000,0.00000,0.00000,0.00000,1.41674,0.554212,1.80018,0.952651,1.29443,0.756540,0.892036,1.82262,1.39377,1.77518,1.68029,1.13204,1.46266,1.22630,1.61345,0.842980,2.13174,1.60515,1.97687,0.883233,3.17612,2.53423,0.533712,1.95274,1.53517,2.31795,1.08188,0.941108,0.395831,0.622843,2.66220,1.14768,1.78849,0.748869,1.22898,1.20999,1.69156,2.23741,1.94205,2.43779,4.10224,0.00000,0.00000,0.00000,0.00000,0.00000
13000,0.00000,0.00000,0.00000,0.00000,2.30248,1.42629,2.31771,1.36405,0.936528,2.11931,0.519843,1.39199,1.66800,1.10926,1.38693,0.787924,1.79544,1.88316,0.868235,1.34185,1.82382,1.58369,3.02390,2.63830,2.06503,2.14584,1.02721,1.59582,1.32970,1.57759,0.565523,1.55594,0.708422,1.00809,1.63735,2.03308,1.30508,1.02933,1.19315,2.09597,1.52005,1.93167,1.64635,2.31261,3.43757,0.00000,0.00000,0.00000,0.00000,0.00000
14000,0.00000,0.00000,0.00000,0.00000,2.92434,0.507242,1.19720,0.717737,2.15028,2.83484,2.04026,1.23581,1.42705,1.71184,2.67809,1.81710,0.177686,1.99802,1.39581,2.25444,1.86139,1.42797,0.809131,2.07425,2.04561,1.85669,2.80112,1.85049,1.99426,1.49222,1.49858,1.60150,0.711971,1.21593,1.53446,1.26758,1.78247,1.50221,1.14256,1.01762,0.967767,1.13518,1.35012,1.39701,2.15347,0.00000,0.00000,0.00000,0.00000,0.00000
15000,0.00000,0.00000,0.00000,0.00000,1.13157,0.753545,2.00458,0.442564,1.22673,1.62658,0.923742,1.47735,2.35020,1.47945,0.447727,2.27865,2.07985,0.748891,0.510654,2.06502,1.64891,3.26829,2.53558,2.50132,2.72086,2.11711,2.44993,1.82935,1.03912,2.21175,1.84661,0.789830,2.27099,1.07624,1.22858,1.74364,2.28764,1.59267,2.16012,1.09041,1.65646,1.25631,2.11298,1.25709,5.87765,0.00000,0.00000,0.00000,0.00000,0.00000
16000,0.00000,0.00000,0.00000,0.00000,2.23384,0.407632,2.02227,0.491908,1.91169,1.45512,1.12662,1.43840,0.349284,2.41983,1.99062,1.49190,2.20948,1.66001,0.976662,1.44553,2.57803,3.17762,3.52912,2.68567,2.70213,1.67743,1.91715,1.86339,1.89380,0.449313,1.07048,2.39962,0.707433,1.44134,1.89588,1.09564,1.07115,1.11571,1.48501,0.464911,1.59643,1.37510,1.76346,0.940312,4.43052,0.00000,0.00000,0.00000,0.00000,0.00000
17000,0.00000,0.00000,0.00000,0.00000,1.32963,1.40756,2.23909,1.07329,1.71389,1.28199,1.88340,1.82130,1.67811,1.28967,1.03355,1.89776,2.18734,0.866332,1.16940,1.79261,1.24009,1.06592,3.34363,1.74254,1.84864,2.14118,2.46426,2.25964,0.249196,1.97142,0.708015,2.27121,1.31277,1.13437,1.81564,0.712012,1.00185,1.83699,2.10340,2.60186,1.21882,1.60821,2.29294,0.847347,3.03192,0.00000,0.00000,0.00000,0.00000,0.00000
18000,0.00000,0.00000,0.00000,0.00000,1.14790,1.48318,2.47497,0.968592,0.847285,2.63314,1.39001,2.12690,0.915683,0.276707,2.61880,1.51450,2.28226,1.90025,0.871063,2.03278,3.53234,0.937672,1.67253,1.58560,1.38755,2.74697,2.39095,1.62137,0.904700,2.09811,1.52448,2.66443,1.36288,1.09626,1.88312,0.766770,1.05117,0.512731,0.756223,1.65434,0.982702,2.53783,2.03765,2.73774,3.89507,0.00000,0.00000,0.00000,0.00000,0.00000
19000,0.00000,0.00000,0.00000,0.00000,1.93346,1.39280,3.11558,1.40506,1.43298,0.649381,2.08050,1.06270,0.908145,1.64121,2.03605,1.37871,0.662367,2.13069,1.08577,3.58473,3.29824,1.30486,2.00025,1.51119,3.65213,2.14762,2.31406,1.85958,1.97208,2.21641,1.29416,1.39742,0.955239,1.14060,1.56806,0.936417,2.55136,1.20147,1.61282,2.31942,1.27670,2.12536,0.322894,2.39238,1.33852,0.00000,0.00000,0.00000,0.00000,0.00000
20000,0.00000,0.00000,0.00000,0.00000,2.06950,1.68692,0.658516,1.91913,2.01168,1.80781,0.893236,2.22451,1.36249,0.402956,1.96998,2.72889,1.34369,0.725235,1.87767,2.61694,1.50131,1.33528,1.97178,2.81682,3.13924,2.74570,3.51527,1.77125,1.72014,1.25335,1.40713,2.22245,2.09912,1.78954,1.28729,1.55405,1.06312,2.33962,1.47884,2.54099,1.54756,1.79569,0.469768,0.548505,2.24281,0.00000,0.00000,0.00000,0.00000,0.00000
21000,0.00000,0.00000,0.00000,0.00000,3.28227,1.41438,2.51883,0.928510,1.17150,2.11241,1.54029,2.88066,0.787435,0.915258,3.24809,2.23336,2.14295,2.16690,1.26986,3.05487,1.71760,3.53951,2.55717,1.58094,1.79869,2.77752,2.87884,0.893226,1.93646,3.65074,1.61214,1.74156,0.964220,0.575484,0.745816,0.679462,1.11232,1.89186,1.27818,1.83232,1.17064,3.04111,3.71096,0.312380,4.14288,0.00000,0.00000,0.00000,0.00000,0.00000
22000,0.00000,0.00000,0.00000,0.00000,2.69937,0.546513,2.91902,2.08688,0.727101,1.64741,1.67085,1.07096,0.670483,1.77160,1.87442,1.70017,2.15851,1.44616,0.511934,2.27271,2.58914,3.78036,3.25747,2.25854,2.05034,2.16774,1.22887,1.70686,1.85675,1.68975,1.02468,2.70331,1.84988,0.893892,0.851355,1.52835,3.21694,1.32668,1.75071,1.53750,0.621931,1.64651,2.13445,1.64021,2.74019,0.00000,0.00000,0.00000,0.00000,0.00000
23000,0.00000,0.00000,0.00000,0.00000,1.57712,1.79112,1.39749,1.76642,0.951579,3.76106,1.59459,0.932179,1.58163,1.30825,2.09885,0.961076,1.56701,1.49890,1.90014,2.35692,1.25593,2.40954,2.79013,1.06152,3.02604,2.06086,3.23111,1.93788,0.818891,1.58827,2.23219,1.73447,1.77335,1.78361,1.73860,0.382762,1.76460,1.51293,1.85176,2.26292,0.711839,0.803570,1.73365,1.64517,1.86871,0.00000,0.00000,0.00000,0.00000,0.00000
24000,0.00000,0.00000,0.00000,0.00000,1.35181,2.07771,1.60387,1.73961,0.308347,2.21057,1.36241,2.34221,1.44549,1.32674,2.03944,2.19993,1.81088,1.62025,1.22994,1.59556,2.88404,2.15755,2.35708,2.36209,2.77579,2.28970,2.67731,0.454249,2.02585,3.79060,1.62175,1.08706,1.71337,1.25309,1.76771,3.07646,0.628937,0.522665,0.467663,1.76903,2.07251,1.10657,3.36875,2.77280,3.21835,0.00000,0.00000,0.00000,0.00000,0.00000
25000,0.00000,0.00000,0.00000,0.00000,0.203371,0.615902,1.43966,1.63869,1.22429,1.78065,0.631241,1.16655,1.66095,0.934356,1.01672,0.286739,2.01782,1.17857,0.806372,1.13277,1.58220,1.35716,2.78330,3.35681,2.70239,0.732999,1.65209,1.44825,1.07718,1.29500,1.41320,2.31760,2.43488,1.31126,3.83303,0.916780,1.78465,1.92029,0.680988,2.07316,0.568833,1.57759,1.94955,0.947759,6.14138,0.00000,0.00000,0.00000,0.00000,0.00000
26000,0.00000,0.00000,0.00000,0.00000,4.14301,2.41758,2.38791,0.715860,1.07830,1.43613,1.64563,2.70211,0.818892,2.11014,1.25755,1.39423,1.71772,1.48797,1.24205,1.75329,1.90665,1.63537,1.24701,1.41134,2.19427,2.81861,2.73889,2.09235,1.67614,1.19381,0.285055,2.81275,1.48386,1.86228,1.95592,2.27403,1.73216,0.781449,0.974817,1.61897,2.13462,0.354732,0.970544,2.12559,2.50961,0.00000,0.00000,0.00000,0.00000,0.00000
27000,0.00000,0.00000,0.00000,0.00000,1.95141,1.92715,1.81382,0.977504,0.368457,2.05939,0.980095,1.25000,0.801719,0.823617,2.27911,1.82525,1.80303,2.07222,0.196313,1.09205,2.45984,3.34956,1.50699,1.08838,1.61854,2.62293,2.14248,1.28817,1.57614,3.90584,0.887385,2.35478,1.37236,2.01365,1.96484,0.506447,1.76115,2.11160,1.88870,1.26138,3.00497,0.411033,1.45554,1.89580,2.45862,0.00000,0.00000,0.00000,0.00000,0.00000
28000,0.00000,0.00000,0.00000,0.00000,2.73438,0.643244,1.51838,0.605723,1.36143,0.875532,1.80204,0.872454,1.77531,0.721976,2.31385,0.852421,2.22810,0.909523,0.349153,1.09996,1.89305,2.26829,1.05449,1.01101,3.40824,1.58826,1.41302,2.28807,2.27661,3.30966,1.21043,1.62659,1.21292,1.23200,2.16320,1.44928,1.24466,2.07291,2.28080,0.787832,0.845385,0.222601,3.08311,1.13842,4.63287,0.00000,0.00000,0.00000,0.00000,0.00000
29000,0.00000,0.00000,0.00000,0.00000,2.32937,0.472053,0.613675,0.826405,1.66753,0.422424,1.48103,0.548326,1.75756,0.550126,2.49200,1.04497,1.12690,0.931162,1.82782,1.50975,1.95798,3.23071,2.49994,1.04821,2.58090,1.97908,1.04482,1.58974,2.08455,1.14608,2.25127,1.65103,1.69453,2.47961,1.10243,1.25676,2.95703,1.50294,1.58412,3.12107,0.499138,1.56173,2.13178,1.35567,3.29817,0.00000,0.00000,0.00000,0.00000,0.00000
30000,0.00000,0.00000,0.00000,0.00000,2.32450,0.971028,1.18921,1.29554,1.08328,1.34520,1.40872,2.78803,1.88896,1.60964,0.984634,1.05244,2.51363,1.22324,1.09235,2.60638,1.50267,3.89037,2.93192,1.15727,2.66562,1.76688,2.41470,0.850440,1.47291,1.25530,0.974036,1.71372,2.08114,1.01276,2.05574,0.635611,0.911981,1.68457,0.483418,2.36480,0.934811,0.581671,1.95089,2.36232,3.98318,0.00000,0.00000,0.00000,0.00000,0.00000
31000,0.00000,0.00000,0.00000,0.00000,2.99078,0.246023,1.98933,1.47468,1.21795,2.19930,0.652601,1.22897,0.786214,0.485680,1.63327,1.18973,2.40467,2.05988,0.657417,0.735343,1.45551,1.35115,3.02983,2.16506,2.65007,2.56637,1.47809,1.23084,1.41139,2.74248,2.41878,2.33677,1.48178,1.99862,2.27659,1.74956,1.15727,1.75984,1.69870,1.11684,1.25001,1.49009,1.40693,0.779211,3.10876,0.00000,0.00000,0.00000,0.00000,0.00000
32000,0.00000,0.00000,0.00000,0.00000,1.09400,2.19704,1.18100,0.726422,0.536182,2.04882,0.672234,1.38685,1.09277,1.23573,1.93409,2.20386,1.72122,1.36890,1.13168,1.35112,0.733497,1.09479,2.62704,3.02552,2.15283,2.65665,1.42987,1.73639,1.04379,2.11417,1.50169,2.16551,1.48570,3.07571,0.695669,1.56296,1.36183,1.29866,1.80981,3.87152,0.886476,3.04612,1.16909,0.900947,9.17552,0.00000,0.00000,0.00000,0.00000,0.00000
33000,0.00000,0.00000,0.00000,0.00000,2.59219,1.47780,0.930334,0.704702,1.13496,1.15101,0.722643,3.66771,1.06047,2.21724,1.12214,1.58005,0.301232,1.42958,1.15375,0.832508,2.72271,1.79619,2.22478,2.72564,2.06430,2.13776,1.87839,0.743814,2.20003,0.979032,0.687950,1.31520,2.13574,0.903242,1.59660,0.671106,2.78966,0.891117,2.29329,1.63513,1.13856,1.84084,2.00092,0.981153,7.38565,0.00000,0.00000,0.00000,0.00000,0.00000
34000,0.00000,0.00000,0.00000,0.00000,1.49685,0.370279,0.983252,0.371739,1.16313,1.50495,1.29123,2.87611,1.71773,2.01286,0.869631,1.34908,1.19475,2.00793,2.27250,4.31655,3.18109,0.771876,1.78774,2.40986,2.26491,2.06607,2.38718,1.33084,1.40071,3.45264,1.24967,1.80296,1.31174,0.361736,1.94850,2.03797,2.21981,1.68280,1.17462,2.29364,0.880773,2.07172,2.04286,2.43567,4.64909,0.00000,0.00000,0.00000,0.00000,0.00000
35000,0.00000,0.00000,0.00000,0.00000,1.31902,0.819631,0.976396,1.13994,0.689224,3.11248,0.759570,2.51682,1.35896,0.751530,1.41487,0.692492,1.33500,2.52599,2.45455,2.78938,2.25167,2.02299,2.56827,2.31540,2.09061,2.22885,1.05412,1.18870,1.60483,1.94685,1.03368,2.63836,1.52724,1.92831,1.10390,1.17053,1.82367,1.19856,2.05274,2.05625,2.36729,1.49627,1.60218,3.44641,7.08526,0.00000,0.00000,0.00000,0.00000,0.00000
36000,0.00000,0.00000,0.00000,0.00000,1.71456,1.33167,1.00527,0.686512,1.53982,3.19185,0.915216,1.79274,0.526173,1.19425,3.38169,0.596755,1.88865,0.529234,1.19883,0.404053,4.24202,1.33088,4.45657,2.48194,1.63773,2.53045,1.86589,1.49056,1.65904,1.58110,0.888469,1.37767,1.58338,1.04381,2.32041,1.57763,2.06405,0.971150,2.17627,2.14596,0.502433,2.02598,2.59610,2.17761,4.00386,0.00000,0.00000,0.00000,0.00000,0.00000
37000,0.00000,0.00000,0.00000,0.00000,0.876402,1.93695,0.636754,0.983147,1.97248,1.94547,1.53466,1.98552,1.30372,1.67848,0.522973,0.912286,2.06548,0.938597,2.34647,1.44278,3.83845,2.40005,2.61305,2.49427,0.809212,2.72117,1.35590,0.828678,0.472422,2.47002,2.49379,1.21612,1.26217,1.16438,2.19678,2.42453,2.75031,1.17878,1.29533,1.10531,1.88726,2.29252,1.57829,3.50457,1.65720,0.00000,0.00000,0.00000,0.00000,0.00000
38000,0.00000,0.00000,0.00000,0.00000,1.05639,1.10467,1.34424,0.837229,1.36707,1.92620,0.713525,1.27578,1.22507,1.27156,0.840283,0.797779,3.01574,1.90789,1.12231,2.10144,1.07730,1.32797,0.978876,2.58862,1.61361,2.49266,2.01104,2.03653,1.78707,1.50817,1.31309,0.657127,2.36792,1.89926,1.44435,2.66672,1.82566,1.52035,2.11760,1.51134,0.341645,1.77372,0.962074,1.33972,2.25404,0.00000,0.00000,0.00000,0.00000,0.00000
39000,0.00000,0.00000,0.00000,0.00000,0.895045,0.454381,1.38552,1.06493,1.66620,1.26689,2.58414,1.11279,1.13606,1.61079,1.79395,1.18101,2.39642,1.39014,1.32913,1.58434,2.38800,2.41357,1.34410,1.32063,2.13237,1.54610,1.87770,1.41956,1.78676,3.04003,2.34840,2.36493,1.69721,0.613728,1.60829,1.38705,2.13071,1.14764,3.19093,1.85908,0.897079,1.48360,0.612859,1.86050,2.26121,0.00000,0.00000,0.00000,0.00000,0.00000
40000,0.00000,0.00000,0.00000,0.00000,2.64364,1.47232,1.40780,1.26122,1.49565,2.20589,2.06258,1.34571,1.53977,1.03060,1.28518,1.63579,0.807769,0.949683,2.12523,2.52261,0.740146,2.62137,0.520868,2.31425,1.07899,1.74440,2.11378,1.69400,3.14299,1.83338,2.04897,1.98123,1.63172,1.70288,2.86546,1.96005,2.97284,1.03406,1.14465,1.75292,1.10647,1.75893,2.13183,1.15996,4.10040,0.00000,0.00000,0.00000,0.00000,0.00000
41000,0.00000,0.00000,0.00000,0.00000,3.32513,1.21261,1.06929,1.40515,0.923732,1.80867,2.16586,1.92336,2.14527,1.51662,2.43414,1.42681,2.03598,1.35730,1.02770,1.91236,1.27576,2.84389,2.49536,2.75301,0.806573,0.910880,1.35432,1.82047,1.05388,2.92454,1.58412,0.312535,2.10711,2.04840,1.72967,0.682423,1.58750,1.89545,1.10897,2.08984,1.19000,1.80744,2.16864,0.790555,2.27369,0.00000,0.00000,0.00000,0.00000,0.00000
42000,0.00000,0.00000,0.00000,0.00000,3.29462,0.993806,1.55308,1.41301,1.08574,0.685223,1.42146,1.18675,1.37173,2.11918,1.88681,1.58341,1.48470,0.541403,1.21810,1.64399,1.54236,1.33769,1.58449,2.32331,2.09472,1.29383,4.03886,1.28659,0.223185,1.04302,2.55156,1.46412,0.875741,0.619017,1.63150,1.49629,1.39142,0.736070,0.491484,0.930426,0.810161,2.23252,2.55509,1.41156,7.28061,0.00000,0.00000,0.00000,0.00000,0.00000
43000,0.00000,0.00000,0.00000,0.00000,1.96138,0.726463,2.52298,0.950101,2.05654,1.66563,1.51528,2.18325,0.891739,1.27768,2.59150,0.524773,1.93688,0.846117,2.45719,1.96854,2.96892,1.64452,2.52450,1.11025,1.98562,1.73923,2.17393,1.19114,2.00829,1.33291,1.28332,1.89723,1.56443,1.92675,0.657549,1.94676,1.92500,1.31316,0.605474,1.45680,0.713218,2.17492,1.48849,1.76284,1.26638,0.00000,0.00000,0.00000,0.00000,0.00000
44000,0.00000,0.00000,0.00000,0.00000,1.95124,1.27984,1.19203,1.49743,1.38448,2.47409,1.91661,2.30217,1.44645,1.43725,2.15691,1.74262,1.70869,1.66851,1.55755,1.91776,1.74708,1.49043,3.49456,1.26906,3.91888,2.73270,2.29482,0.703569,0.945075,1.25296,0.906084,2.22215,0.987671,1.07889,2.18471,2.34452,2.31432,0.908364,2.05641,1.36010,2.05323,2.41997,0.996695,2.02190,3.84539,0.00000,0.00000,0.00000,0.00000,0.00000
45000,0.00000,0.00000,0.00000,0.00000,1.70439,0.443988,0.653878,1.52735,0.968388,1.36686,1.64171,1.27412,1.48330,1.28165,2.77472,1.15258,1.93998,1.30684,1.32961,2.29140,2.05641,2.86649,1.43087,1.01033,1.67902,1.43629,2.95401,2.07576,0.505908,2.43933,1.27699,3.18392,1.01735,1.12933,1.15772,1.33768,0.667954,2.01110,1.34732,1.75321,2.21689,1.87842,1.98604,2.46711,6.08799,0.00000,0.00000,0.00000,0.00000,0.00000
46000,0.00000,0.00000,0.00000,0.00000,2.81553,1.17672,0.921804,1.88757,1.06308,1.89083,1.26686,0.670278,1.21580,1.32439,1.92632,0.753851,1.58827,1.32291,2.07025,1.50757,1.31589,3.24587,1.46489,1.33506,3.72489,3.22346,1.89283,0.880941,2.43016,1.85942,2.85383,1.82049,2.00005,1.66546,1.27067,2.39678,2.11146,1.56262,1.24750,1.18344,2.19462,1.97852,1.76209,3.50540,1.74426,0.00000,0.00000,0.00000,0.00000,0.00000
47000,0.00000,0.00000,0.00000,0.00000,0.423054,0.912413,1.22195,2.15468,1.20619,1.50851,0.504086,3.35535,1.71257,0.669688,1.37819,1.85317,1.61561,1.64429,1.06229,1.80004,2.17961,3.57361,2.88951,1.46791,3.65472,3.13276,4.31743,2.14102,0.887337,2.34727,1.81271,0.498836,1.56263,1.81275,0.803298,0.972677,2.82401,1.46155,1.81433,1.68068,2.40388,1.96944,2.77242,2.06589,2.18395,0.00000,0.00000,0.00000,0.00000,0.00000
48000,0.00000,0.00000,0.00000,0.00000,3.40084,0.833378,1.55305,0.874210,1.78384,1.66589,0.544615,1.27891,1.42088,1.79842,2.33424,1.77895,1.78521,1.18666,0.419473,3.26606,3.22101,2.27135,3.45252,3.22034,2.20998,1.60788,3.02404,1.81695,1.27497,3.15792,2.16080,2.44973,1.03139,1.93316,2.02200,1.17811,1.77820,1.05399,1.03220,2.58822,2.21003,1.07112,2.50098,2.20959,3.87068,0.00000,0.00000,0.00000,0.00000,0.00000
49000,0.00000,0.00000,0.00000,0.00000,3.22459,1.23276,2.86235,2.07552,1.60896,2.01501,0.923550,1.73818,1.19287,1.30534,1.57779,1.46337,1.24179,1.54111,1.28837,1.73377,1.97663,3.37531,3.04930,4.37175,2.29334,1.49555,3.59419,1.61655,2.01288,0.925258,1.14273,2.25182,1.47745,1.42232,1.52454,1.81157,0.794055,2.04147,1.24268,0.957054,1.68652,1.34236,0.752592,2.95319,3.85341,0.00000,0.00000,0.00000,0.00000,0.00000
50000,0.00000,0.00000,0.00000,0.00000,1.23134,0.351250,1.86992,0.858410,0.394422,2.97301,1.39128,1.93644,1.17306,2.10952,1.09642,1.45810,1.95468,2.43518,0.599841,3.13759,2.12483,3.08677,2.78669,2.29295,6.47833,1.26822,1.80501,1.58686,1.56176,4.14401,0.798469,1.87307,1.78781,0.474811,2.38240,1.71154,1.77476,1.11797,1.76162,0.744673,1.17575,0.913049,2.02401,1.12060,2.17202,0.00000,0.00000,0.00000,0.00000,0.00000
51000,0.00000,0.00000,0.00000,0.00000,2.91945,1.05442,0.914734,1.86405,1.03117,2.25561,1.20361,0.939697,2.05760,1.61639,1.43894,0.977856,0.454218,0.630456,1.08818,4.17839,1.13336,2.22963,1.60956,1.37420,3.87435,3.27476,2.10424,1.08107,1.20157,1.63411,2.31655,2.43609,2.18443,1.65179,1.39199,1.52612,1.77117,0.906573,1.07473,1.42867,0.639545,2.21323,2.31357,1.00178,2.46128,0.00000,0.00000,0.00000,0.00000,0.00000
52000,0.00000,0.00000,0.00000,0.00000,2.01107,1.49463,0.651633,0.809806,1.05280,1.28776,1.05041,0.799190,1.77686,1.95408,1.84209,1.42436,2.69205,1.88093,1.22136,2.67685,2.45141,2.59574,1.68320,1.17256,1.92382,3.13378,2.47523,1.49691,0.928730,2.66868,1.72591,1.64228,0.708013,1.21830,1.34498,1.92387,1.45177,0.333273,1.22294,1.88411,0.695526,1.00940,1.62308,2.24275,6.22337,0.00000,0.00000,0.00000,0.00000,0.00000
53000,0.00000,0.00000,0.00000,0.00000,2.68036,1.29202,2.73340,1.27700,2.11666,1.84210,0.797221,2.79574,1.15830,0.865606,1.14522,1.11765,1.41775,0.150508,2.31530,2.57077,2.63519,2.04120,2.27818,1.05275,1.81935,2.68026,3.38339,1.58525,1.57084,1.23281,0.955285,2.17196,1.49509,1.32760,1.64845,1.79966,2.07185,0.458437,1.22449,1.08527,1.26895,1.50665,2.01692,1.02333,2.97041,0.00000,0.00000,0.00000,0.00000,0.00000
54000,0.00000,0.00000,0.00000,0.00000,2.53921,0.227476,2.59412,1.45609,0.980140,2.01701,0.716038,1.21179,0.582454,0.496106,2.02380,1.70861,1.74745,1.43888,0.353393,1.20156,3.19630,1.12614,2.27901,1.86126,1.45023,0.962747,2.44613,1.06805,1.21528,1.75746,1.46257,1.48908,1.56471,1.38039,0.726759,0.884590,1.10164,0.156274,0.448917,2.52274,0.763437,2.07416,1.47458,1.03141,2.85338,0.00000,0.00000,0.00000,0.00000,0.00000
55000,0.00000,0.00000,0.00000,0.00000,0.469366,0.771628,2.60717,1.58739,0.670912,0.606522,2.33330,2.02616,0.891363,1.64913,1.82981,2.01026,1.65518,1.01166,1.25122,1.11838,1.58261,1.53823,2.31589,1.28766,2.63470,2.41803,3.04543,1.91736,2.07293,1.72216,0.979167,2.16910,1.27462,1.61241,1.34240,0.727874,1.83371,1.27484,0.624819,2.15588,0.833777,3.05908,1.35225,3.87905,3.57844,0.00000,0.00000,0.00000,0.00000,0.00000
56000,0.00000,0.00000,0.00000,0.00000,1.74846,1.08860,2.44901,0.631322,0.784315,0.738810,0.559452,1.66685,1.16138,0.554439,1.89064,1.31657,2.67753,2.30571,0.864095,1.80088,2.51872,1.55592,2.08912,1.61582,3.66917,1.88910,1.24181,1.23331,0.861302,3.17701,0.696747,1.51900,0.818497,0.258807,1.39696,1.68208,1.14391,1.50740,2.78568,3.46887,1.62837,2.85033,0.867813,0.680762,5.03163,0.00000,0.00000,0.00000,0.00000,0.00000
57000,0.00000,0.00000,0.00000,0.00000,3.11155,1.11389,2.01944,1.76649,0.950678,1.29331,1.96072,0.929364,0.948014,2.28768,0.724372,0.289380,1.17243,0.876918,1.95806,1.83499,2.59778,1.53341,3.29357,1.48723,1.72677,2.13941,2.56528,1.46478,2.67903,1.98794,0.961608,1.50043,1.31327,1.05125,1.26588,1.21951,2.69950,1.63091,1.98001,2.22877,1.10635,0.992359,1.00974,0.930352,3.99186,0.00000,0.00000,0.00000,0.00000,0.00000
58000,0.00000,0.00000,0.00000,0.00000,4.83457,1.91219,1.90031,1.11389,1.93548,1.46032,1.55408,0.718443,1.14541,1.15964,0.848078,1.14225,1.54825,1.16621,1.40375,2.16218,1.55944,2.23922,1.43947,1.34018,2.76609,1.47799,0.681630,1.79527,0.635032,1.02481,0.601466,1.02760,2.57104,1.01990,0.891750,1.69762,2.43554,1.88450,2.60289,1.21451,0.587791,0.714368,0.789121,0.709027,1.95545,0.00000,0.00000,0.00000,0.00000,0.00000
59000,0.00000,0.00000,0.00000,0.00000,0.868579,0.506967,1.36251,1.48540,0.687345,1.55017,1.76248,1.27093,1.48155,1.68484,2.56757,1.49087,1.82485,1.18383,1.40354,1.28192,2.03382,1.95120,2.85561,1.92502,2.07476,1.43114,1.23264,1.40448,1.73634,2.73066,1.53954,2.23780,1.21307,1.43536,2.07638,0.407780,2.78157,1.36505,1.70207,3.39174,1.63326,2.09060,1.14581,1.28366,3.26143,0.00000,0.00000,0.00000,0.00000,0.00000
60000,0.00000,0.00000,0.00000,0.00000,0.857318,0.274724,1.58038,1.92103,2.21044,2.01531,1.14575,0.512076,1.39776,1.60966,0.502054,0.668258,2.01681,0.827431,2.09461,2.34830,1.86228,1.50507,2.79156,2.00511,2.60878,0.752072,1.23030,0.883389,1.17241,1.83676,1.07758,1.68323,1.70872,1.46701,2.86581,1.62770,0.790465,1.88136,1.22117,1.30546,1.61624,0.828371,2.21046,1.44314,5.88237,0.00000,0.00000,0.00000,0.00000,0.00000
61000,0.00000,0.00000,0.00000,0.00000,1.63396,0.801855,1.84018,0.826346,1.13951,0.842642,1.53001,0.934354,2.03532,1.91892,2.54164,1.35116,2.67696,1.26921,1.68702,2.95734,2.12702,2.34808,1.92263,1.70985,2.55092,2.08641,3.17134,0.654382,1.61204,1.23884,0.815519,2.50377,2.31103,1.22624,1.35750,0.934684,1.99309,1.70450,1.40662,2.25084,1.88701,1.73723,1.89338,2.59364,1.34458,0.00000,0.00000,0.00000,0.00000,0.00000
62000,0.00000,0.00000,0.00000,0.00000,2.51028,1.21285,1.76263,1.11770,1.53847,1.75570,1.40733,1.24214,1.05440,1.67891,1.69586,1.17317,2.18505,0.675477,1.36263,0.862602,2.33652,1.42561,2.71132,2.97232,1.70600,1.29056,1.87488,0.911075,2.11254,1.67850,1.94337,0.813518,1.67823,1.74583,0.881770,2.06078,1.37405,1.17436,1.52911,2.04662,1.29424,2.48397,1.31368,2.72385,1.82065,0.00000,0.00000,0.00000,0.00000,0.00000
63000,0.00000,0.00000,0.00000,0.00000,2.87411,0.904118,1.69056,1.09436,1.18349,0.853063,0.621364,1.08216,2.18228,1.89294,1.70573,2.05817,0.959917,1.33882,1.17782,2.19976,2.32270,2.28603,0.944794,2.10395,2.01747,1.53084,2.03546,1.39832,1.62125,2.00643,2.27555,0.770035,1.37770,1.22614,3.34096,1.94436,1.96367,1.16046,1.03063,2.35770,1.63618,1.14627,1.55416,1.87595,1.77694,0.00000,0.00000,0.00000,0.00000,0.00000
64000,0.00000,0.00000,0.00000,0.00000,2.21372,0.435170,0.577614,1.45893,1.85492,2.53258,1.28452,0.651961,2.00101,1.30532,2.48204,1.71469,2.84706,1.27697,0.950398,2.19392,1.74592,1.39932,1.05898,3.37327,1.89646,2.38968,1.90688,2.14039,2.26135,2.33447,1.14360,2.46538,0.915239,1.23588,2.21211,1.82234,1.75765,1.42337,2.57718,2.14750,1.04886,1.05672,1.16113,3.03742,3.18373,0.00000,0.00000,0.00000,0.00000,0.00000
65000,0.00000,0.00000,0.00000,0.00000,1.53894,0.887454,0.751635,1.79965,1.71311,3.14271,1.81117,1.08896,2.77112,1.45486,2.02889,1.16080,2.89376,0.991465,1.02398,2.84517,2.12566,2.84901,2.23040,2.52455,3.84341,0.835603,2.64463,1.30194,0.542978,2.91829,2.04739,0.799064,1.82550,0.970477,0.839324,1.06448,2.19211,2.12644,0.284042,1.87545,2.02870,2.70071,1.87543,2.04925,5.50877,0.00000,0.00000,0.00000,0.00000,0.00000
66000,0.00000,0.00000,0.00000,0.00000,3.53070,0.751700,2.47998,1.10672,2.32084,0.928856,0.525142,0.773076,1.64262,1.34492,3.51579,1.41327,2.83253,2.34976,1.63998,1.29377,1.81341,1.21595,1.87786,1.80539,1.82404,2.36005,1.65894,1.21053,0.801596,1.37840,2.70055,0.718166,1.71104,0.991978,3.22187,1.28163,1.92424,1.15990,1.90076,1.77765,0.997009,2.90263,1.35788,0.749611,3.93993,0.00000,0.00000,0.00000,0.00000,0.00000
67000,0.00000,0.00000,0.00000,0.00000,2.39989,0.603530,1.28416,1.61394,1.10018,2.29991,1.13801,1.15885,1.72075,0.986032,1.82379,1.92638,2.21423,1.57540,3.22999,2.10454,0.944919,2.15653,2.69390,1.42670,1.03918,3.02724,2.91134,1.32038,0.804905,2.10148,0.929522,2.58955,1.42720,3.42495,1.33407,0.643425,1.79485,0.746148,1.27344,1.09598,1.58280,1.74174,1.44306,1.54604,2.85703,0.00000,0.00000,0.00000,0.00000,0.00000
68000,0.00000,0.00000,0.00000,0.00000,2.46719,2.94053,0.925833,1.22351,0.968703,1.56907,0.613695,3.47610,2.16468,1.25256,2.37362,0.921014,1.47884,1.77898,0.660632,1.90227,2.47930,1.27200,3.89419,1.71372,2.72855,2.89664,1.90821,0.809998,1.80052,1.73861,2.20336,2.04189,0.892730,1.84205,1.87206,1.74576,0.703952,1.65707,1.30351,3.66702,1.96361,2.14822,1.59659,1.63895,8.23471,0.00000,0.00000,0.00000,0.00000,0.00000
69000,0.00000,0.00000,0.00000,0.00000,1.09828,1.08994,2.03075,2.40444,1.31537,2.83264,1.88713,0.670853,1.76644,1.28468,3.16958,2.49314,3.03982,1.31194,1.04137,0.943848,2.21459,1.96851,1.87209,4.20139,1.49469,2.04500,2.86665,1.20543,2.17987,1.24135,0.953129,1.19566,0.400844,1.34297,1.85653,1.05053,2.45818,1.33905,1.77138,2.25381,1.40610,0.963374,1.43186,1.48319,5.28636,0.00000,0.00000,0.00000,0.00000,0.00000
70000,0.00000,0.00000,0.00000,0.00000,1.62547,1.28446,1.38343,1.11574,0.884240,1.81212,0.983400,2.14160,1.75790,0.789359,1.56469,0.957418,3.30683,1.36123,2.74270,3.50990,2.36411,2.18316,0.579655,2.43141,2.47563,2.00261,2.33478,1.71710,1.44713,2.64322,1.61842,1.25714,0.697831,1.04120,4.03660,0.701278,2.14701,2.30018,1.49201,1.28753,0.750397,1.89564,0.685415,1.34050,2.70183,0.00000,0.00000,0.00000,0.00000,0.00000
71000,0.00000,0.00000,0.00000,0.00000,0.516306,0.455028,2.78373,0.149329,0.646435,0.685984,1.39591,2.70736,1.62216,1.58094,2.66450,0.317893,1.75244,1.09192,1.16734,2.07635,1.69081,2.82272,2.51079,2.35178,1.91340,1.74004,1.03786,1.52329,0.830642,1.32231,1.57714,1.83294,1.35214,2.11561,2.45784,0.687369,3.18273,0.441226,1.86219,0.491916,0.854665,1.88224,0.448026,1.96956,4.14619,0.00000,0.00000,0.00000,0.00000,0.00000
72000,0.00000,0.00000,0.00000,0.00000,2.07278,0.742431,1.67952,1.21634,1.99798,1.12537,0.951081,1.53590,0.898522,1.46723,1.30823,1.28814,1.46488,1.45316,1.56724,2.24478,2.68300,2.11354,1.52317,2.67568,2.18239,1.79690,2.44325,1.65043,1.37022,0.962958,0.991572,2.79591,1.02312,0.851784,0.356333,1.72214,1.99374,2.13940,0.436980,1.21260,0.970150,1.00913,0.926197,1.87856,5.25334,0.00000,0.00000,0.00000,0.00000,0.00000
73000,0.00000,0.00000,0.00000,0.00000,1.85418,1.04319,1.23439,1.39909,0.577954,2.49167,1.18556,1.96021,1.16417,2.03061,1.64288,1.10595,0.960579,1.75528,1.69151,2.59406,3.10083,0.978646,3.29969,1.41068,3.12015,1.41224,2.36002,1.65114,1.42206,2.46076,1.28537,3.17820,1.16690,1.51402,1.65831,1.00688,2.04469,1.11619,0.554788,0.972146,0.827702,2.54713,2.39497,0.998920,1.20465,0.00000,0.00000,0.00000,0.00000,0.00000
74000,0.00000,0.00000,0.00000,0.00000,5.04481,0.811694,0.962479,1.38593,1.56008,2.40424,0.988348,2.29173,2.22154,1.38784,2.52984,0.652286,1.46071,1.54194,3.16572,1.38340,1.85636,2.59374,3.33176,3.42928,1.41971,2.01849,0.743901,1.26966,0.955535,2.54388,0.921010,0.426149,0.834654,1.47611,1.88751,0.168370,2.22240,1.92367,1.92649,1.25469,1.48646,2.50540,2.51619,0.736978,3.13251,0.00000,0.00000,0.00000,0.00000,0.00000
75000,0.00000,0.00000,0.00000,0.00000,1.35973,1.62403,1.68489,0.671342,1.50647,2.04238,1.45801,1.41030,2.53699,1.48235,3.30571,0.555421,3.87697,1.11875,1.76615,1.87330,2.08106,3.02763,2.41035,1.41239,3.22862,0.886245,1.60769,2.80593,1.64370,1.53492,0.629033,1.13761,1.38692,1.14299,1.11608,1.24257,1.98541,2.43795,1.26705,1.63788,0.998240,2.42279,1.51245,0.884676,3.53806,0.00000,0.00000,0.00000,0.00000,0.00000
76000,0.00000,0.00000,0.00000,0.00000,4.33239,0.891702,0.716957,1.25863,2.06658,2.36958,1.00646,1.63886,0.767499,1.92311,1.97479,1.16233,0.648262,2.27767,1.27118,1.76837,2.11885,1.77359,2.80260,2.81293,3.44512,2.03646,2.69013,1.58469,0.902033,2.37352,1.79217,1.33574,1.59716,0.867707,2.67182,0.447764,2.44264,0.916860,1.60644,0.696581,0.970402,2.52895,1.96997,1.42687,3.67112,0.00000,0.00000,0.00000,0.00000,0.00000
77000,0.00000,0.00000,0.00000,0.00000,2.91588,1.39610,1.82726,0.843191,1.89798,1.28914,1.24461,1.81742,0.944073,1.51646,3.29205,1.55099,3.28705,0.673232,2.04482,2.77628,1.45210,1.57874,2.34974,1.70780,2.39131,2.32510,3.44830,0.864527,0.923925,1.86062,1.52621,2.36867,2.91029,1.12688,1.31024,1.49022,0.735569,1.19723,1.31873,3.42267,1.10771,1.24166,2.19981,2.43160,3.98534,0.00000,0.00000,0.00000,0.00000,0.00000
78000,0.00000,0.00000,0.00000,0.00000,2.37253,1.04160,1.91493,1.25724,1.09281,1.10623,1.72134,0.615485,1.06073,0.494195,0.874913,1.87683,2.41352,2.26621,1.25671,0.659402,4.17161,1.34013,2.83159,2.41217,2.29642,3.18251,3.79103,1.22190,1.67769,2.18862,1.10872,1.84958,1.01549,0.854607,1.53103,0.927460,1.05860,1.57658,1.92855,1.09299,1.09010,1.06635,1.93198,0.366924,4.52651,0.00000,0.00000,0.00000,0.00000,0.00000
79000,0.00000,0.00000,0.00000,0.00000,4.08326,0.812626,0.883862,1.48470,1.26216,2.07615,1.17469,0.984485,0.595073,0.717161,1.29523,2.07863,0.687370,2.24612,0.649050,2.65538,2.44261,1.86099,1.56275,1.00374,2.31633,2.34774,2.15967,2.23673,1.77838,3.45376,0.737453,2.74482,0.866082,0.592370,2.57828,0.191915,2.75783,1.24411,2.11301,3.22502,1.12803,1.17288,2.04291,0.809961,2.43952,0.00000,0.00000,0.00000,0.00000,0.00000
80000,0.00000,0.00000,0.00000,0.00000,2.05408,0.760100,1.41021,1.54442,0.752861,1.64200,1.18732,1.80813,1.39747,1.26058,1.19365,1.56939,1.36675,1.05472,1.85123,0.642556,2.86413,1.35292,1.50354,1.82261,3.07540,1.81306,2.32946,1.98727,1.07418,0.995997,1.69535,2.49504,0.738844,0.989169,1.55942,1.85393,1.99407,0.859992,1.12954,1.09171,0.793911,1.25198,2.18211,2.83208,4.41622,0.00000,0.00000,0.00000,0.00000,0.00000
81000,0.00000,0.00000,0.00000,0.00000,4.36945,1.26923,2.73057,1.15068,1.42283,0.615823,1.30818,2.52361,1.66516,0.955435,1.64324,0.884981,0.255727,1.31142,1.11474,0.737074,2.15962,1.38488,2.86447,0.840419,2.83351,1.57820,2.53074,1.38655,2.60697,2.35035,0.274971,2.21061,1.64561,2.04219,0.585682,1.06668,1.97945,1.29571,0.887972,2.29429,1.19287,2.40057,1.86151,2.49357,1.37913,0.00000,0.00000,0.00000,0.00000,0.00000
82000,0.00000,0.00000,0.00000,0.00000,2.21321,0.726981,1.44376,0.837450,1.57229,2.20089,0.382650,3.10750,1.74681,1.09164,1.33536,0.677032,1.39781,1.94030,1.60237,2.56213,3.99881,2.61555,1.50795,0.513538,3.50676,2.04271,2.60802,0.305593,1.67141,1.74297,1.54718,3.06033,1.97417,1.05457,0.525208,1.51176,1.09141,0.956270,0.709276,2.04865,0.540645,2.41043,2.03252,3.16183,2.98778,0.00000,0.00000,0.00000,0.00000,0.00000
83000,0.00000,0.00000,0.00000,0.00000,3.48876,1.14027,1.14607,1.82715,0.793783,1.67121,1.81984,2.20127,0.443443,1.62296,0.901885,0.599723,1.95494,0.779497,2.50291,3.24620,3.66815,1.57248,2.66587,2.97663,1.87383,1.44741,3.06897,1.81562,1.53701,2.53022,2.17960,0.819245,2.06254,1.05964,0.688624,0.978995,2.36949,2.10618,1.36933,2.06491,2.16901,2.20292,1.40887,1.58619,5.47912,0.00000,0.00000,0.00000,0.00000,0.00000
84000,0.00000,0.00000,0.00000,0.00000,1.33569,0.718761,1.12976,1.82342,1.07474,1.47786,0.956518,1.72666,1.08743,1.24944,1.09095,0.536520,2.22873,0.876972,0.890532,1.95504,0.939856,2.39176,1.78605,3.01703,2.45905,1.45144,1.80600,2.48294,1.51309,1.75294,1.95258,1.65271,2.08816,2.20512,2.78330,1.20733,0.458413,0.744095,1.96807,1.82954,1.23590,2.10703,1.11931,1.97584,4.34780,0.00000,0.00000,0.00000,0.00000,0.00000
85000,0.00000,0.00000,0.00000,0.00000,2.27539,0.792415,1.88044,1.59771,1.83209,1.25047,1.77041,1.77721,1.37099,0.974769,1.86140,1.48158,1.20431,1.29219,0.650865,2.01021,3.42849,2.57742,0.543230,2.87642,4.05461,3.01711,2.02379,0.818489,1.25074,2.69897,1.58999,3.24131,2.04007,1.33902,2.24658,1.03465,1.61211,1.46244,1.47494,2.76696,1.37511,1.18978,1.77630,1.71726,1.62731,0.00000,0.00000,0.00000,0.00000,0.00000
86000,0.00000,0.00000,0.00000,0.00000,2.92495,0.597632,1.38988,1.79737,0.976231,0.551900,1.11675,1.67280,1.74495,1.01035,1.91930,1.09381,1.30734,2.06825,2.04403,1.60468,3.08721,1.05189,2.52593,1.70883,0.333689,1.40756,2.30670,1.28356,1.14895,3.00038,2.62002,1.41544,1.21032,0.702819,1.85582,1.52595,1.75730,1.00178,1.91443,2.97601,1.47086,1.10668,2.01742,1.53644,2.89492,0.00000,0.00000,0.00000,0.00000,0.00000
87000,0.00000,0.00000,0.00000,0.00000,2.34334,1.00023,1.11642,0.644442,1.94426,1.45046,0.806217,1.92856,0.927660,0.825853,1.62056,0.722180,1.27373,1.21474,0.871838,2.45477,3.27640,2.20509,1.01771,2.61499,2.43319,1.80493,0.894870,1.66727,1.04158,1.20229,1.32065,1.28671,1.19715,2.93464,0.933198,1.76338,0.523099,2.06540,1.54226,0.366601,0.815641,1.77276,1.49361,0.961197,3.58280,0.00000,0.00000,0.00000,0.00000,0.00000
88000,0.00000,0.00000,0.00000,0.00000,1.44800,1.01250,1.47465,1.01557,1.17599,2.21256,0.684208,2.80676,1.03867,1.23657,3.30323,0.681652,3.06948,1.41201,0.649860,2.86294,1.93764,1.68963,1.85400,2.61109,1.66267,1.84717,1.43668,1.15935,1.01282,1.85576,0.996818,1.08441,1.90159,1.29146,1.95638,1.72850,1.51730,2.88191,0.924862,0.381880,0.971183,0.668784,1.62914,1.67326,3.33861,0.00000,0.00000,0.00000,0.00000,0.00000
89000,0.00000,0.00000,0.00000,0.00000,3.63620,1.63071,1.38350,1.12297,0.945183,1.70374,0.987688,2.40038,1.85381,2.24063,3.08870,1.71437,2.41659,0.569875,2.36927,1.66294,2.48676,0.541707,1.91631,3.61487,3.33070,2.64165,2.35901,1.38572,1.31148,0.943367,1.30397,1.61710,0.613686,0.853303,1.71194,1.17307,2.50490,1.89334,0.697582,1.50086,1.37320,1.95291,1.47106,1.00561,6.28091,0.00000,0.00000,0.00000,0.00000,0.00000
90000,0.00000,0.00000,0.00000,0.00000,3.59438,1.87378,1.69391,0.804673,0.818570,0.985463,1.50772,2.65994,1.19396,1.32790,1.99877,0.597614,1.81620,1.05025,1.73297,2.59298,3.30981,2.69619,2.09438,2.22938,1.59629,2.68981,0.983638,1.85332,1.43246,2.33995,1.87453,2.09138,2.37151,0.364432,2.26338,1.13958,1.69447,1.62891,1.40568,0.948279,1.76452,2.53400,1.44103,3.35780,7.24318,0.00000,0.00000,0.00000,0.00000,0.00000
91000,0.00000,0.00000,0.00000,0.00000,1.02476,1.13728,2.61386,2.08744,1.76665,1.23567,2.03434,0.956031,1.85781,1.25577,2.48230,1.18123,2.65613,1.01172,1.97434,2.62151,2.17514,2.94227,4.09067,3.00018,2.51833,2.27233,2.66560,0.304493,1.22963,1.39713,1.83249,1.29343,1.03474,2.49652,0.466395,1.42013,1.54787,1.56690,0.786129,1.78762,1.65313,2.44883,2.90665,1.71522,4.29755,0.00000,0.00000,0.00000,0.00000,0.00000
92000,0.00000,0.00000,0.00000,0.00000,3.86295,2.24486,1.99222,1.40160,1.31002,2.11382,1.03092,0.616260,0.392617,1.17132,0.591362,1.03431,3.21716,1.28932,1.36915,3.98497,3.77909,2.98736,2.56167,2.53158,1.00964,0.834434,1.35682,0.926914,0.978351,1.61966,0.662323,1.41760,0.836567,1.56572,1.45763,0.587114,2.28705,0.671867,2.23314,1.23792,1.04679,3.30057,1.54174,1.00180,6.79542,0.00000,0.00000,0.00000,0.00000,0.00000
93000,0.00000,0.00000,0.00000,0.00000,1.04379,0.933308,0.235876,1.19316,1.18630,0.970352,1.31821,2.58230,1.23501,1.07846,2.95081,1.79344,1.77309,1.93929,0.631663,3.36316,1.20212,1.01968,2.76143,3.58827,3.11413,2.09526,0.992379,1.53275,2.17942,1.62471,1.47264,0.681571,0.659858,0.987813,2.11620,1.07435,2.45399,1.38518,0.441051,1.23566,1.27401,1.95987,2.90621,0.938180,5.72782,0.00000,0.00000,0.00000,0.00000,0.00000
94000,0.00000,0.00000,0.00000,0.00000,0.793774,1.90585,0.570107,0.679965,1.72350,0.901558,0.706781,1.01902,0.442011,1.08359,0.619626,0.829079,1.52010,2.07764,2.30690,0.446402,0.798076,2.64266,2.19504,3.02449,3.85554,0.673215,2.51028,2.54919,2.15919,1.71669,2.36695,2.49471,0.756150,2.12002,3.42107,1.87265,1.12153,1.67131,1.17094,1.61131,2.03760,1.37422,2.42994,1.79345,2.18373,0.00000,0.00000,0.00000,0.00000,0.00000
95000,0.00000,0.00000,0.00000,0.00000,3.03236,0.574605,1.15967,0.612965,0.541179,1.96555,1.74399,2.61053,1.94431,1.25039,1.47280,1.09684,1.28305,1.92537,2.62839,1.36035,1.77377,2.46804,2.53443,3.29655,2.44823,1.02537,2.75669,0.421458,0.521725,3.22446,1.55758,1.59078,0.504530,1.51420,1.98110,0.884303,2.73528,2.13197,1.74411,2.88550,1.01975,1.72813,2.37474,1.53793,4.42917,0.00000,0.00000,0.00000,0.00000,0.00000
96000,0.00000,0.00000,0.00000,0.00000,1.10661,2.12145,1.50811,1.77953,2.07721,0.985110,1.49083,1.28467,2.37337,1.60017,0.831311,1.94986,2.32045,1.48730,1.25743,3.07220,0.471268,1.93102,2.86006,2.86042,2.07988,2.73199,1.83120,1.62983,0.911201,0.602808,0.282384,1.87821,2.49003,1.12381,3.75987,1.13602,2.53983,1.45372,0.571874,3.32776,1.39916,1.11334,0.689242,0.628558,4.39178,0.00000,0.00000,0.00000,0.00000,0.00000
97000,0.00000,0.00000,0.00000,0.00000,1.89657,1.98071,1.57023,1.33416,1.35083,2.39474,0.320315,1.44356,0.442812,1.47956,0.576987,2.35597,2.21501,1.77389,1.13284,1.62814,2.88696,3.61382,1.83237,2.37113,1.30182,1.50939,2.27603,1.67162,1.96744,1.83583,0.867853,2.43751,2.39946,1.73646,0.484426,1.75228,2.52958,1.85109,1.52417,1.14824,0.685158,1.01653,2.36005,1.45678,3.09420,0.00000,0.00000,0.00000,0.00000,0.00000
98000,0.00000,0.00000,0.00000,0.00000,1.21007,1.70486,0.974218,0.0886659,0.694102,2.76948,0.303457,1.27949,0.284081,1.04191,2.22548,1.27981,0.793148,2.10946,1.59179,1.15546,3.62033,2.06679,1.73496,2.18044,1.27266,1.08654,1.57840,0.759342,0.853945,1.78188,0.874305,2.18227,1.48517,1.89724,1.34274,1.51951,0.808940,2.09860,1.40948,1.95445,1.04031,2.42371,0.899100,0.846544,4.72135,0.00000,0.00000,0.00000,0.00000,0.00000
99000,0.00000,0.00000,0.00000,0.00000,2.10341,2.06541,0.972914,1.82886,2.17730,1.89109,1.11424,1.68084,0.801617,1.00597,1.90099,1.62841,3.39279,1.81907,0.402011,2.38833,1.35826,3.56222,1.12173,3.18527,1.98561,1.29907,1.62256,1.14415,1.36762,3.40506,0.908731,3.14288,0.531451,0.960382,1.63714,0.874397,1.04481,1.63416,0.954095,2.45960,0.484591,1.11385,1.34742,1.22641,3.27449,0.00000,0.00000,0.00000,0.00000,0.00000
100000,0.00000,0.00000,0.00000,0.00000,0.980889,1.02231,1.40646,1.44671,0.966023,2.73155,0.718829,1.06310,1.09405,0.360555,2.81456,1.07612,0.699279,0.419796,1.18340,1.51618,0.941025,2.14291,1.52900,3.80594,2.57056,0.442703,1.34584,2.14005,1.61343,1.88740,2.20143,2.88319,1.88632,1.05938,1.31082,2.20385,0.863059,1.53882,0.782250,1.21373,1.10165,1.24548,2.00380,1.17371,2.66044,0.00000,0.00000,0.00000,0.00000,0.00000
101000,0.00000,0.00000,0.00000,0.00000,2.06595,0.972405,2.31311,1.58664,1.20826,2.73910,1.42541,0.859158,2.28496,0.309219,1.82894,1.89164,1.28333,2.11484,2.08204,1.54600,1.33406,3.26947,1.64899,1.35974,1.20963,1.35139,1.92984,1.55830,2.07458,1.62006,0.978549,2.96838,1.05598,0.959263,1.73943,1.06929,1.76746,1.29544,0.563241,1.01433,1.41126,0.700950,1.63909,1.07290,2.32485,0.00000,0.00000,0.00000,0.00000,0.00000
102000,0.00000,0.00000,0.00000,0.00000,2.41554,2.11614,2.95952,0.650127,0.503566,1.38576,0.785983,0.810401,0.569823,1.06526,2.05976,1.95500,3.20780,1.53642,1.33096,1.73975,1.11332,2.33801,1.80793,2.28329,2.56052,1.63349,2.02086,0.353327,1.07856,2.82972,1.70499,1.01672,1.36593,0.911563,1.62090,0.752460,1.66801,0.754217,0.804017,1.00447,0.919599,2.38830,2.39274,1.65011,5.12934,0.00000,0.00000,0.00000,0.00000,0.00000
103000,0.00000,0.00000,0.00000,0.00000,1.12994,0.508106,1.67238,0.998873,0.863451,2.22729,0.735674,0.776934,0.511494,1.22702,1.92500,1.60220,2.25864,0.920543,2.19932,1.83073,2.18060,1.88263,2.23070,0.830005,2.06400,1.39085,1.76398,1.20976,1.73273,1.51622,0.438610,1.76683,0.762978,1.77082,1.06496,1.62387,0.367039,1.00741,0.550512,1.79948,2.17428,1.99138,0.458769,2.73281,3.19412,0.00000,0.00000,0.00000,0.00000,0.00000
104000,0.00000,0.00000,0.00000,0.00000,4.44198,0.836834,1.29469,1.08826,2.25298,2.54488,1.26997,2.00752,0.869771,1.54131,1.27365,1.87269,1.78062,0.925717,2.17550,1.92138,2.41845,1.29262,0.949091,1.67980,2.20477,2.02255,1.38586,1.22542,1.56740,2.12403,1.65729,2.68092,1.57120,0.699670,3.31188,0.537983,2.85156,0.922824,1.14805,0.907828,1.28055,2.31805,1.29179,1.42434,4.24943,0.00000,0.00000,0.00000,0.00000,0.00000
105000,0.00000,0.00000,0.00000,0.00000,2.60043,0.578607,2.04849,1.46300,1.02336,2.62541,1.62545,1.13902,2.56119,1.00134,1.89635,1.06270,2.44859,1.44200,1.34016,1.21447,2.17249,0.926123,3.51793,2.64580,1.49816,1.89238,2.47055,2.59475,1.31079,2.37684,1.55026,1.78418,0.550324,2.05539,1.47103,0.983206,3.38133,1.28267,1.80195,2.20083,1.14849,0.785552,1.25839,1.12063,2.13506,0.00000,0.00000,0.00000,0.00000,0.00000
106000,0.00000,0.00000,0.00000,0.00000,1.15088,1.76411,1.13406,2.12799,2.37031,3.46610,1.46838,2.30034,0.0721718,1.21768,2.22375,1.76303,2.37240,1.55708,2.00227,1.88194,1.84402,2.15348,2.57462,2.52188,2.81795,1.74879,2.93006,1.28218,2.06258,1.79864,1.43706,2.63510,1.81675,1.66694,2.10402,0.895080,1.47880,1.12226,0.629228,1.39982,0.327420,1.28306,2.00356,1.69967,3.10309,0.00000,0.00000,0.00000,0.00000,0.00000
107000,0.00000,0.00000,0.00000,0.00000,3.17587,1.87158,1.70099,1.02511,1.71539,2.08310,0.535763,2.64523,0.474331,1.59891,3.02789,1.54686,1.08683,1.94187,1.48564,3.54974,3.34779,2.47491,4.18915,1.38229,1.14776,3.10009,1.27149,1.44747,0.881631,2.52031,1.16504,3.37999,0.904552,1.77724,2.50187,0.806616,1.54554,1.71705,0.642273,1.86789,1.40155,0.906401,0.621973,0.337720,3.75504,0.00000,0.00000,0.00000,0.00000,0.00000
108000,0.00000,0.00000,0.00000,0.00000,0.726121,0.680959,2.14440,1.30735,1.61945,1.57454,1.84256,2.54660,0.900597,1.83403,1.57196,1.65958,4.04932,1.58820,0.467857,3.00241,3.28970,3.81858,2.61548,3.90554,1.09508,1.86996,2.11706,2.73650,1.51799,2.72387,0.975359,0.495170,2.04384,0.659064,1.64491,0.573525,2.20528,1.70331,1.14857,1.68978,1.79691,1.64299,0.987100,2.08251,4.56566,0.00000,0.00000,0.00000,0.00000,0.00000
109000,0.00000,0.00000,0.00000,0.00000,2.05120,1.22684,1.96950,1.57195,1.22227,2.18330,1.93247,2.35259,1.41318,1.47336,1.68935,1.76223,2.82001,1.14336,0.982343,3.25383,3.22824,0.746377,2.01646,2.27834,2.08012,1.37699,1.75638,1.58718,1.17540,2.63945,1.88054,1.48559,1.12989,1.42420,1.00571,1.35045,3.14584,0.904881,0.970215,0.557629,1.60054,2.11858,1.50104,0.567487,1.78305,0.00000,0.00000,0.00000,0.00000,0.00000
110000,0.00000,0.00000,0.00000,0.00000,1.07247,0.683649,2.78622,2.03822,1.00495,2.25521,2.10004,2.35316,1.99938,1.50211,2.11731,0.706615,2.13253,1.42502,1.44811,2.50728,1.91931,1.97543,1.71771,2.27531,1.21864,3.51179,2.05134,0.930479,1.75087,2.54559,2.04075,1.99768,0.962717,1.95687,2.89195,1.25598,1.07273,1.87796,0.812545,1.32060,0.880589,2.45406,1.48177,1.79827,3.43641,0.00000,0.00000,0.00000,0.00000,0.00000
111000,0.00000,0.00000,0.00000,0.00000,1.91705,1.16766,2.80098,1.34770,1.19011,1.36384,0.792495,2.24516,0.795995,1.14923,1.04828,0.688246,1.52972,1.06399,1.25292,1.54212,1.72986,2.70828,0.836674,3.48283,2.09818,1.27461,1.71385,2.00100,1.28291,1.86238,1.97730,0.401292,2.22208,1.41250,1.71844,1.04301,2.36111,1.93726,1.04809,1.89704,0.703344,2.70771,0.784398,2.37182,1.66279,0.00000,0.00000,0.00000,0.00000,0.00000
112000,0.00000,0.00000,0.00000,0.00000,1.22880,0.905173,1.45298,0.947326,1.04326,2.33677,1.04707,1.41965,0.997014,0.958729,1.72056,0.493027,1.46525,1.18999,2.36928,1.82495,2.30030,2.62695,2.06322,0.929792,2.64972,1.77512,3.30944,0.942440,0.673114,2.74013,1.32903,0.730020,1.73617,1.73295,1.24336,1.52150,0.737270,1.86816,1.02543,2.84503,0.801710,1.15735,1.88505,1.58952,5.67176,0.00000,0.00000,0.00000,0.00000,0.00000
113000,0.00000,0.00000,0.00000,0.00000,2.31595,0.757012,2.16776,1.43668,1.01045,1.46265,0.688173,1.84904,0.790411,1.78459,3.03460,1.95954,1.60177,0.874408,1.35854,1.48446,1.20349,3.47304,1.47236,2.01142,1.71992,2.81288,2.43998,2.68629,1.77745,1.57488,0.616207,2.49732,0.360248,0.866985,1.46388,1.39053,3.01784,2.46149,1.29929,3.29952,0.404099,1.94875,1.40992,1.92700,2.76532,0.00000,0.00000,0.00000,0.00000,0.00000
114000,0.00000,0.00000,0.00000,0.00000,2.71812,0.838301,2.37452,1.12778,1.17139,0.954678,1.50069,1.97166,2.11495,2.84115,1.17670,1.00806,1.16546,1.61522,0.959503,2.99437,1.29313,2.13674,1.61020,2.07337,2.53827,1.95322,1.12697,1.07617,1.40533,2.36753,1.93221,1.32822,1.14616,1.65832,1.11707,1.13090,3.49878,1.59745,1.39177,1.06670,1.40736,0.333101,1.55019,2.35073,3.62898,0.00000,0.00000,0.00000,0.00000,0.00000
115000,0.00000,0.00000,0.00000,0.00000,2.72428,0.649210,2.55987,1.05772,1.40382,1.71749,0.538449,2.39411,1.77026,1.55886,1.50614,1.76187,2.54215,0.377983,1.48461,2.54281,2.64016,2.23455,2.29511,2.69174,1.64082,2.35367,1.47869,0.401822,1.57342,2.88555,1.46784,1.78514,0.750124,1.32480,1.01446,0.276498,1.93623,1.09177,1.05216,1.44529,1.12029,2.44318,0.964554,1.39589,9.18676,0.00000,0.00000,0.00000,0.00000,0.00000
116000,0.00000,0.00000,0.00000,0.00000,2.50966,0.560116,1.63525,1.90549,1.87821,2.24002,1.26760,2.44969,0.705545,1.03454,1.46264,1.00476,2.24948,1.76398,1.76869,2.28323,1.40696,1.11612,2.41942,3.16651,1.63753,1.61524,2.31598,1.26731,1.46742,2.48269,1.13058,1.02240,1.06219,1.06383,1.12967,1.95358,0.763508,0.779828,0.311729,2.58326,1.57349,0.580766,0.709278,0.942721,4.45895,0.00000,0.00000,0.00000,0.00000,0.00000
117000,0.00000,0.00000,0.00000,0.00000,3.02459,1.26054,3.41104,1.20249,1.00074,1.69797,1.69378,1.66801,1.69638,1.14986,1.50934,1.52559,1.49021,2.16520,1.15948,1.86088,1.16228,2.25448,3.47873,1.75143,1.98638,3.05246,1.07699,1.13633,0.607386,1.97672,0.795898,1.92685,1.01434,1.06955,4.00886,1.13471,1.18336,2.62539,0.829699,3.47342,1.38286,1.87252,2.01139,0.760462,2.47992,0.00000,0.00000,0.00000,0.00000,0.00000
118000,0.00000,0.00000,0.00000,0.00000,2.55082,0.896777,2.10312,1.41219,1.28153,1.30420,1.09830,1.95726,1.14549,2.06053,3.76824,1.64918,1.18695,1.16453,1.49803,3.33491,2.22776,1.42437,2.34011,3.07455,2.12665,1.78954,1.20197,0.588209,1.39186,3.09138,1.10609,2.64237,0.333955,0.882818,1.91521,2.00426,1.67059,2.13998,1.78614,2.15477,1.19930,1.20499,0.969157,1.72145,6.26520,0.00000,0.00000,0.00000,0.00000,0.00000
119000,0.00000,0.00000,0.00000,0.00000,1.87544,0.579039,2.33059,0.812866,1.94424,1.01502,1.34785,1.18349,1.50823,1.38259,3.13574,2.21505,0.862365,0.897127,0.844846,3.68874,3.65577,1.88836,1.79356,2.20855,1.53799,2.13548,2.06202,1.46821,0.704758,0.648387,0.421617,3.32141,1.79049,0.797426,1.63788,0.652901,0.589905,1.73134,0.927000,1.97683,2.34706,0.941397,1.36801,2.04669,5.22038,0.00000,0.00000,0.00000,0.00000,0.00000
120000,0.00000,0.00000,0.00000,0.00000,3.24863,1.86934,2.03241,1.12606,1.47280,2.68204,0.580675,1.22847,0.777085,1.89002,2.16583,1.43528,2.34448,1.46719,1.46417,3.56613,3.23155,2.36828,1.97113,2.26060,3.03201,1.17527,2.41705,0.753035,1.29531,2.54949,2.78470,1.55907,1.39026,2.16297,1.26765,2.35108,2.18377,2.54597,1.91196,2.00909,2.24356,1.38018,1.19794,1.24610,5.34801,0.00000,0.00000,0.00000,0.00000,0.00000
121000,0.00000,0.00000,0.00000,0.00000,4.07186,1.06530,1.74205,0.943753,0.127570,1.52149,0.999321,2.29770,1.96687,1.41963,0.790506,1.42562,2.99407,2.13974,2.64513,2.84955,3.22626,1.68496,2.00859,1.21114,1.02488,1.68811,1.09803,1.58845,1.32403,1.33991,1.06950,2.30195,1.23116,1.21542,1.86429,2.03347,2.52954,1.08912,1.14293,1.09417,0.587526,1.56549,1.62413,1.28746,1.45143,0.00000,0.00000,0.00000,0.00000,0.00000
122000,0.00000,0.00000,0.00000,0.00000,2.14259,1.44314,1.37896,1.30702,1.79527,2.35514,1.32923,2.67778,1.94617,0.967616,1.99311,0.589716,2.25104,0.943789,0.625817,2.38202,2.44695,2.03242,1.99731,1.24526,3.18261,1.38011,2.44146,0.960121,1.80058,1.04676,0.852656,1.14314,0.970297,2.55718,2.35161,1.58113,1.69224,0.634877,1.49178,0.839521,1.81202,1.78877,0.732653,0.452265,5.81540,0.00000,0.00000,0.00000,0.00000,0.00000
123000,0.00000,0.00000,0.00000,0.00000,2.34524,0.933268,1.70954,0.180526,0.915577,2.93605,0.977257,0.959699,1.70040,1.18734,2.21450,1.31704,2.36337,1.41482,2.19136,1.29263,2.72177,1.28920,2.45037,2.33913,2.42974,3.49837,2.31542,0.715272,1.86478,1.76592,1.53352,1.33482,1.45626,1.03840,1.03202,0.921821,1.26032,1.00281,3.45017,1.58487,1.61464,2.72485,2.43922,1.17386,2.68006,0.00000,0.00000,0.00000,0.00000,0.00000
124000,0.00000,0.00000,0.00000,0.00000,0.955168,0.318830,3.70841,1.34384,0.623527,1.37563,1.08386,1.69289,0.619915,1.12065,2.56215,0.699509,1.62373,2.50413,0.891407,1.51848,0.747895,3.56459,2.98615,2.69648,2.44585,2.03559,1.93937,1.67087,1.22367,2.13409,0.670318,0.557452,2.04217,0.960052,0.658996,1.94299,1.99286,0.929347,1.00780,1.55675,0.933096,1.30715,2.04115,1.62168,4.12194,0.00000,0.00000,0.00000,0.00000,0.00000
125000,0.00000,0.00000,0.00000,0.00000,1.72319,1.04058,1.90770,2.20147,0.630536,1.29683,0.820821,2.23726,1.36024,1.33135,2.21674,1.16673,0.960155,1.51722,0.239708,2.80620,1.42682,1.19156,0.779027,2.73304,2.21220,4.18742,1.89195,1.58527,1.49506,3.35852,1.81151,1.20227,0.917339,1.68384,2.42527,1.38195,2.27276,2.28508,0.876487,3.28481,1.13720,0.837306,1.20078,1.59215,4.62124,0.00000,0.00000,0.00000,0.00000,0.00000
126000,0.00000,0.00000,0.00000,0.00000,2.43443,0.956711,2.27450,0.624203,1.25134,1.19718,1.28959,0.821776,1.27431,2.00553,3.60528,0.982242,1.19192,1.29794,2.44571,3.39487,3.98837,1.01594,3.35440,3.23594,0.740050,1.66136,2.37748,1.17805,2.00379,0.995507,0.943180,0.690957,1.10737,1.36344,1.71174,1.62891,2.14586,1.80196,0.491090,2.87643,1.82875,3.24358,1.95324,1.29578,2.12085,0.00000,0.00000,0.00000,0.00000,0.00000
127000,0.00000,0.00000,0.00000,0.00000,1.25881,1.69616,2.07402,1.18931,0.944309,0.702833,0.986381,2.20943,0.950165,1.96264,1.85600,2.01331,1.96214,2.65384,1.89722,2.94620,2.90211,2.36059,1.64192,2.54166,1.47483,2.42710,0.499050,1.05538,0.555342,1.75602,1.91717,0.844574,1.13337,2.25644,0.722039,1.05790,2.30141,1.72070,2.09324,1.91898,1.12930,2.53600,1.75680,2.23227,5.39821,0.00000,0.00000,0.00000,0.00000,0.00000
128000,0.00000,0.00000,0.00000,0.00000,1.67358,1.70835,1.62209,0.909071,0.401241,0.778729,1.76524,1.51320,2.07040,0.675996,2.51054,1.00536,2.50562,1.40198,0.797017,1.79412,2.91625,3.23771,2.28815,0.745988,2.25619,3.00803,3.01164,1.13011,1.27689,0.614747,0.563378,1.71025,2.69742,1.42772,0.848715,1.47764,1.60252,1.56460,1.83825,2.72450,1.06458,1.21978,2.15911,1.99781,4.87939,0.00000,0.00000,0.00000,0.00000,0.00000
129000,0.00000,0.00000,0.00000,0.00000,1.96388,0.892002,1.92357,0.460556,0.636255,1.77493,1.05171,1.71638,0.670096,1.12703,0.352155,1.44166,2.19228,1.31846,1.99198,1.81620,1.79753,2.02242,0.862992,2.34045,2.04277,1.90575,1.77234,1.67450,1.76034,0.505296,2.16790,1.00312,1.86856,1.07593,0.688823,1.11497,1.31335,2.27601,1.39938,2.69899,1.06319,2.29294,0.996023,1.23334,2.98217,0.00000,0.00000,0.00000,0.00000,0.00000
130000,0.00000,0.00000,0.00000,0.00000,1.93177,0.985963,0.359291,1.74078,1.25918,2.15950,1.52818,1.43573,1.00775,1.41897,1.36068,1.09295,1.39578,1.45725,1.84492,2.03861,1.08289,2.01330,2.60761,0.740647,1.93912,2.91931,2.21059,1.49137,2.51496,0.985874,1.41798,2.41570,0.710315,1.73285,1.68204,0.436199,3.06918,1.97051,2.32996,0.480671,1.39236,0.168014,1.24138,1.56721,3.10071,0.00000,0.00000,0.00000,0.00000,0.00000
131000,0.00000,0.00000,0.00000,0.00000,3.89243,1.03359,1.30117,0.898758,0.274220,3.06550,1.64704,2.28497,0.860342,2.55111,2.62692,2.05204,1.87015,1.20537,0.959598,1.21563,2.35571,2.60423,1.41762,1.37671,1.55635,3.41717,1.43609,1.67091,1.21317,2.47593,1.28281,2.47330,1.45936,1.50314,2.30454,1.73065,3.04830,0.787712,0.646288,1.09940,1.64855,2.56506,1.56488,1.08015,3.82658,0.00000,0.00000,0.00000,0.00000,0.00000
132000,0.00000,0.00000,0.00000,0.00000,1.48083,0.864708,2.29240,0.748898,1.66551,3.01358,1.23082,1.79485,1.75251,0.955063,1.64595,0.755605,1.89888,1.03606,1.41529,1.70225,2.45433,1.63939,4.37016,1.13786,1.50754,1.78667,1.18410,1.88440,0.459786,1.51042,1.52179,1.18862,1.80762,1.10656,3.50875,0.607110,1.99934,1.47204,2.21529,1.20171,0.676246,0.912594,0.897774,0.905423,2.24650,0.00000,0.00000,0.00000,0.00000,0.00000
133000,0.00000,0.00000,0.00000,0.00000,3.54559,1.00763,1.28907,1.71020,0.886943,1.17871,0.799767,2.30420,1.74474,0.704729,1.19466,0.743380,2.38312,0.957157,1.30107,2.34713,2.59647,2.33635,2.10661,1.05519,1.59364,1.71045,2.95953,0.555508,0.402581,2.75733,0.890527,2.04333,1.66430,3.04856,2.53009,1.18141,2.37380,1.74159,1.47573,2.49367,0.987080,0.853110,2.58155,0.994019,3.78355,0.00000,0.00000,0.00000,0.00000,0.00000
134000,0.00000,0.00000,0.00000,0.00000,2.07765,1.76590,1.76906,1.74752,0.590591,2.34341,1.97075,2.16292,1.60292,2.18126,2.83815,1.34473,0.885987,0.905216,2.24637,0.928510,2.26462,0.733417,1.97146,2.23980,1.65475,1.60443,2.01261,2.00781,1.80411,0.364703,2.25584,2.22783,0.315391,1.23093,1.61601,0.865302,1.69881,1.68317,2.01777,1.73887,0.907628,1.33362,0.613773,1.33835,5.07057,0.00000,0.00000,0.00000,0.00000,0.00000
135000,0.00000,0.00000,0.00000,0.00000,2.02161,1.00576,0.678299,0.936985,1.17624,1.86919,1.09050,1.62396,0.807296,2.30301,3.08623,1.51887,2.21045,0.675446,2.24374,2.84341,2.30435,1.32329,1.25842,1.42340,2.20505,1.72129,1.07560,1.23642,2.29753,2.84946,1.61373,2.54525,1.50967,1.16494,1.94194,2.00451,1.17054,1.61259,1.16836,1.49548,2.37812,1.52667,1.73672,0.958001,6.04100,0.00000,0.00000,0.00000,0.00000,0.00000
136000,0.00000,0.00000,0.00000,0.00000,0.641027,1.09698,2.03546,1.61029,0.716578,0.832164,0.870765,1.37027,1.29698,0.896468,1.41505,1.46487,1.20573,1.55963,1.57892,3.89962,1.81571,2.21775,1.50989,3.19481,0.804843,1.93960,1.92958,0.427621,0.863368,2.24838,0.681211,2.93356,0.512064,1.49167,1.10809,2.03952,3.84113,1.66654,1.89937,2.20325,1.10118,1.54176,1.28607,0.929817,3.47015,0.00000,0.00000,0.00000,0.00000,0.00000
137000,0.00000,0.00000,0.00000,0.00000,0.569766,1.60044,1.31690,0.665494,1.10437,1.71959,2.30796,1.70086,1.84019,1.33901,2.26025,0.569651,2.07886,1.33097,1.36850,2.44727,2.24351,1.74638,2.37582,1.69766,1.54464,1.86603,1.45770,1.52197,0.388695,1.73395,1.68386,1.57114,1.41388,1.62137,2.15456,0.513322,1.45053,0.502318,1.31178,1.39841,0.970177,1.81222,2.91213,2.40023,1.77719,0.00000,0.00000,0.00000,0.00000,0.00000
138000,0.00000,0.00000,0.00000,0.00000,3.43416,1.19152,1.44907,1.88803,2.46494,3.17410,0.337800,2.86847,0.630602,1.11443,2.74793,1.36249,0.990379,0.809082,0.832299,2.10262,0.754590,1.51915,1.63917,1.81205,2.35061,2.34597,1.49464,0.993018,1.02878,1.56290,1.44206,1.90543,0.783251,0.807390,1.17242,1.51596,2.20215,0.400565,1.12393,1.10841,1.51198,1.84822,1.43930,1.71940,3.05429,0.00000,0.00000,0.00000,0.00000,0.00000
139000,0.00000,0.00000,0.00000,0.00000,1.03614,0.607789,0.144646,1.00804,2.55609,3.37619,1.56665,2.01060,1.11526,1.51308,1.52640,1.70406,0.920562,1.05035,0.895119,1.88341,1.71155,2.23118,1.81225,1.38722,1.58608,2.19209,1.68195,1.74868,1.33541,1.75265,1.11302,1.74557,1.05450,1.16605,0.932051,1.10445,1.74110,2.34979,1.79272,1.54307,1.17177,1.65422,0.797758,1.44609,6.20085,0.00000,0.00000,0.00000,0.00000,0.00000
140000,0.00000,0.00000,0.00000,0.00000,1.82649,1.38273,1.58489,1.49793,1.10225,2.46291,1.80116,2.83419,1.34533,2.08489,2.34799,1.48921,2.36268,0.903904,2.72449,1.45014,2.20283,2.93099,2.23924,3.80149,0.974188,2.21163,1.81804,0.774129,1.40755,2.61006,0.560072,2.22951,1.45452,0.465983,2.27205,2.07374,1.37333,1.35123,0.599424,2.20394,1.13306,0.782441,3.03856,0.559566,1.94146,0.00000,0.00000,0.00000,0.00000,0.00000
141000,0.00000,0.00000,0.00000,0.00000,1.27925,2.16375,1.93383,1.50150,1.44112,1.85693,0.900014,0.481112,2.99033,1.42215,2.78666,0.838230,3.29356,2.27043,2.15993,0.636763,2.33394,2.03734,2.89736,2.22066,2.24062,0.646376,1.76717,1.17448,0.926473,3.27106,1.45625,0.885283,2.28286,1.95164,2.88613,1.15100,1.06296,0.852546,1.86922,1.07660,1.40411,1.53770,2.15783,1.39505,3.83386,0.00000,0.00000,0.00000,0.00000,0.00000
142000,0.00000,0.00000,0.00000,0.00000,3.34500,0.726493,2.21644,1.80773,1.66416,1.86776,1.37200,2.08742,1.74605,1.39922,1.68550,1.35601,1.99108,2.07497,1.51053,1.94994,1.58799,3.58708,3.17587,3.58331,2.04802,2.32511,3.18496,1.42194,1.87297,1.85433,1.88880,2.57114,1.76212,0.763013,2.87471,1.42154,0.897127,0.854719,1.65201,2.59239,2.05625,2.12623,1.97658,0.997764,7.74314,0.00000,0.00000,0.00000,0.00000,0.00000
143000,0.00000,0.00000,0.00000,0.00000,2.67165,1.92154,0.949272,0.752341,1.01441,2.58498,0.661410,2.29821,1.58968,2.36861,1.37049,1.23520,1.47822,0.391500,2.32149,2.16478,2.56723,2.59727,2.30026,2.78445,3.17163,4.02568,3.24689,1.08053,2.59595,1.17638,1.27959,1.96222,2.10678,1.91282,1.86453,1.23655,1.30677,1.61700,1.83806,1.93767,2.19643,1.80230,1.38891,1.68419,4.86195,0.00000,0.00000,0.00000,0.00000,0.00000
144000,0.00000,0.00000,0.00000,0.00000,2.75563,1.13047,0.698042,1.52507,1.84705,1.27117,1.27216,3.84289,1.25044,1.92642,0.632154,1.42284,1.05318,1.39650,1.35549,1.06402,1.27400,2.48783,1.85244,2.25014,3.54299,1.96240,3.21202,1.27732,1.86755,1.46440,1.09532,0.906776,1.06076,1.77725,1.85335,1.59063,1.77513,1.21151,1.35892,1.07853,1.76691,1.42290,1.73566,2.66006,1.60635,0.00000,0.00000,0.00000,0.00000,0.00000
145000,0.00000,0.00000,0.00000,0.00000,2.49466,1.46759,2.33702,1.53660,2.02851,1.41857,0.895505,0.967811,1.88510,0.598808,1.50748,1.41461,1.49492,1.64029,1.21580,1.94281,1.77886,2.46709,1.40470,0.352796,1.56463,2.14367,3.20323,2.09858,0.613495,1.51779,1.09540,2.74140,1.83172,0.657616,2.27507,0.297300,1.29520,1.28222,0.802802,1.72774,0.573858,0.179184,3.14813,1.20156,2.60143,0.00000,0.00000,0.00000,0.00000,0.00000
146000,0.00000,0.00000,0.00000,0.00000,1.61294,0.931093,1.75137,1.54425,1.79170,1.13382,1.87973,1.55648,2.87284,1.25574,0.312058,0.679999,2.21709,1.37576,1.53626,0.983100,2.25407,1.36598,2.56168,1.72363,1.58623,1.54582,0.801172,1.09377,0.532617,3.05551,2.25620,3.14820,2.03088,1.06872,1.75062,1.93525,1.01300,2.01304,1.02494,1.88787,2.37477,1.51878,2.29267,0.208035,4.06908,0.00000,0.00000,0.00000,0.00000,0.00000
147000,0.00000,0.00000,0.00000,0.00000,2.01634,0.771842,0.364949,0.816744,1.66657,2.24440,1.34054,1.74180,0.868896,2.76361,1.06541,1.86651,1.37655,0.472158,0.484420,1.86414,2.54977,2.26702,0.898739,1.67711,2.02870,1.65601,1.69635,1.58381,0.998493,1.70078,1.87345,2.69211,0.947248,1.47417,1.77958,1.54226,1.25280,0.846970,1.20252,2.22414,0.472306,2.29122,1.38694,0.841846,4.55140,0.00000,0.00000,0.00000,0.00000,0.00000
148000,0.00000,0.00000,0.00000,0.00000,1.71047,1.57224,1.31735,2.64041,1.13540,2.31010,1.04496,1.10568,1.45406,1.15774,1.85400,1.75774,1.06554,0.591988,1.67019,1.16312,2.11946,1.71839,2.40317,2.25108,1.42022,2.61955,1.08063,2.14872,2.26289,0.808611,3.74630,1.03305,1.24587,0.637892,1.09541,1.21916,4.35578,0.651891,1.51379,1.61888,0.729940,2.96757,1.77373,1.37332,6.62399,0.00000,0.00000,0.00000,0.00000,0.00000
149000,0.00000,0.00000,0.00000,0.00000,1.55539,1.93290,2.04671,1.27852,1.89076,0.946931,0.995370,0.918113,1.51633,1.15203,1.29155,1.26061,1.53843,0.936171,0.727645,1.31318,2.23018,1.14484,4.34809,2.50978,0.549894,3.47059,3.02498,1.30174,1.06530,1.31843,1.28947,1.67104,0.488500,0.504023,2.55102,0.882683,2.07011,1.17777,1.46571,2.03476,1.51680,0.538398,1.37703,1.26952,3.95923,0.00000,0.00000,0.00000,0.00000,0.00000
150000,0.00000,0.00000,0.00000,0.00000,1.16276,1.75834,1.94569,0.272505,1.57732,1.06452,1.32154,2.54708,0.956489,0.666551,0.604279,1.18047,1.68211,1.04186,2.17486,2.48562,1.41882,2.82088,2.56192,2.44797,1.84321,2.84559,1.34565,0.872501,0.618321,1.38113,0.777891,0.882052,1.53530,2.31962,1.31781,1.13152,2.43750,0.761817,1.50779,1.19231,1.35859,2.55392,1.49625,1.49470,3.98084,0.00000,0.00000,0.00000,0.00000,0.00000
151000,0.00000,0.00000,0.00000,0.00000,2.44199,2.06881,1.07549,1.44869,1.39575,1.07790,0.714570,1.23622,0.641614,2.11084,2.25901,1.04750,1.48120,1.05851,1.14356,3.13531,2.15660,1.42829,1.08946,1.32805,3.38989,1.68033,1.81345,0.531560,1.74731,2.28405,1.10689,0.265869,2.12379,2.43409,2.20164,1.67253,1.02715,0.301975,1.08069,1.02699,1.70313,1.28754,1.94673,1.56401,3.57547,0.00000,0.00000,0.00000,0.00000,0.00000
152000,0.00000,0.00000,0.00000,0.00000,3.04907,0.904849,1.28394,1.23974,1.15353,1.59675,0.122428,2.07896,1.61122,0.980180,1.43574,1.16684,4.11728,1.08910,0.723099,0.553602,1.92828,2.24368,1.41189,2.17647,1.63317,1.45474,0.148759,1.35129,1.06060,1.28038,0.885303,2.55064,1.50917,1.13003,1.26177,1.13693,2.09868,1.50904,0.395149,1.08434,0.565644,0.919506,2.20742,1.41796,4.84913,0.00000,0.00000,0.00000,0.00000,0.00000
153000,0.00000,0.00000,0.00000,0.00000,2.09893,0.972817,0.571689,1.02305,1.27047,2.04225,1.26187,1.50841,1.08930,1.03691,0.976731,2.76143,1.45748,1.50253,2.26472,1.83173,0.852179,1.22622,2.53459,1.73143,2.98709,1.80427,1.55317,1.91572,1.52863,1.77263,1.90069,1.97204,1.76555,1.94352,0.445883,0.811396,2.43230,1.71280,1.74905,2.26716,2.24559,2.14187,0.889131,1.30858,2.14911,0.00000,0.00000,0.00000,0.00000,0.00000
154000,0.00000,0.00000,0.00000,0.00000,2.32395,1.51185,0.591932,1.38125,0.967839,2.47845,0.938093,2.88180,1.42994,0.428814,1.51631,1.01811,2.81939,1.08377,1.90376,2.52298,1.35146,0.268626,2.01271,2.31573,2.38374,2.05829,3.02817,1.14221,1.24363,1.89653,1.66138,2.53777,0.778587,1.07355,1.08331,1.68950,3.32366,0.839238,0.538890,1.99994,1.98695,0.513208,2.40245,0.996177,5.82220,0.00000,0.00000,0.00000,0.00000,0.00000
155000,0.00000,0.00000,0.00000,0.00000,1.91220,0.907944,2.17207,1.04375,1.04656,2.05343,0.730418,1.40419,1.61729,1.38227,3.11790,0.923234,0.989700,0.729755,2.40150,2.00366,4.27279,2.24358,0.887361,1.92051,1.12756,2.44779,2.29357,0.673387,1.36471,1.90088,2.24754,1.76221,0.523649,1.20749,1.14268,1.47150,0.395001,2.15053,1.34682,1.90063,0.845228,0.844123,1.34942,0.988774,3.01164,0.00000,0.00000,0.00000,0.00000,0.00000
156000,0.00000,0.00000,0.00000,0.00000,2.66582,1.33792,1.55846,0.891337,0.722377,2.50823,1.25154,3.11136,0.902192,1.35226,0.905626,1.56994,1.23657,1.94488,1.00651,0.675228,1.08201,1.60041,1.57478,2.33947,0.989417,3.82132,2.65994,1.73903,2.78337,0.912517,0.721637,1.77680,0.776916,1.08193,0.765990,0.577136,0.743213,1.63672,1.91170,2.62539,1.45177,1.22557,1.86985,1.27042,5.32627,0.00000,0.00000,0.00000,0.00000,0.00000
157000,0.00000,0.00000,0.00000,0.00000,2.02733,0.650959,1.37150,1.34256,0.396801,0.781037,0.108939,2.22039,0.887356,0.955045,2.29291,0.476412,3.39848,1.55377,1.84957,1.83353,1.58068,0.839142,1.16755,1.85084,2.87821,1.48854,2.46871,2.20215,2.15287,1.13131,0.730783,1.97078,1.50857,1.24399,1.47361,0.533770,1.79613,0.775908,0.267845,2.60964,1.87602,2.90261,2.08282,2.65759,3.18937,0.00000,0.00000,0.00000,0.00000,0.00000
158000,0.00000,0.00000,0.00000,0.00000,0.998649,1.60486,0.786324,1.59795,0.394028,1.91541,0.807209,1.06731,0.988731,1.16897,1.36856,1.79895,2.65359,0.142440,1.57435,2.38231,1.14755,2.90120,2.12945,3.45892,1.65774,1.55497,1.21873,1.36818,1.43254,1.82337,0.309698,1.25296,1.79127,1.07404,1.50585,1.52384,0.946136,1.43397,1.56194,2.09793,2.05121,1.88129,1.48015,0.213243,8.77620,0.00000,0.00000,0.00000,0.00000,0.00000
159000,0.00000,0.00000,0.00000,0.00000,1.53953,1.58042,2.27880,1.07954,1.03062,1.37020,1.41476,2.08165,0.664911,0.584622,2.65808,1.68659,1.58172,0.885572,1.84479,2.24728,2.80267,2.86380,1.33550,1.67372,1.79020,3.22253,1.50611,2.25981,1.07079,1.11176,1.63501,2.53412,1.04623,1.64145,2.03553,1.52234,3.08726,0.894174,1.76244,2.68311,0.761619,2.31710,1.22174,3.23180,2.81719,0.00000,0.00000,0.00000,0.00000,0.00000
160000,0.00000,0.00000,0.00000,0.00000,1.54242,1.14086,1.50017,1.09275,1.28087,1.56969,1.57280,1.25106,1.66914,1.13608,1.21449,0.755969,1.99275,1.43112,1.16318,3.44160,2.17938,2.76178,1.19661,1.50075,2.56459,1.73588,1.21018,1.36548,1.16442,2.10365,1.02572,1.56295,1.16234,0.906419,2.50800,1.90227,1.63293,1.07361,1.02763,1.70831,1.68069,1.86764,1.90800,2.48733,8.21337,0.00000,0.00000,0.00000,0.00000,0.00000
161000,0.00000,0.00000,0.00000,0.00000,2.23434,1.71100,0.626946,1.59272,2.11900,1.55532,0.710086,2.64700,1.74090,0.740428,2.44179,0.519801,1.71892,1.29667,0.803739,2.43091,1.27893,2.68853,2.68219,0.828791,1.89362,2.32308,2.91509,1.64011,1.39427,1.08077,1.24209,2.19007,0.771200,0.552613,1.43920,0.650757,1.87935,2.15084,1.20112,1.05071,1.03526,2.29892,1.33649,3.26561,2.16218,0.00000,0.00000,0.00000,0.00000,0.00000
162000,0.00000,0.00000,0.00000,0.00000,3.66729,1.30412,2.17002,0.585809,1.77855,0.647021,2.08117,0.617891,0.942244,1.74607,2.30402,1.31282,2.55342,1.56128,1.59457,2.61727,3.03932,1.59670,2.12380,2.41054,1.56948,0.557658,0.672620,0.777179,1.00167,2.17079,1.88226,0.852625,1.19056,1.50316,0.855737,1.10657,1.24129,2.81362,1.47153,1.94503,1.98160,2.03187,2.65518,0.688788,4.10775,0.00000,0.00000,0.00000,0.00000,0.00000
163000,0.00000,0.00000,0.00000,0.00000,2.76601,0.533792,1.60079,1.94293,1.66054,2.15481,1.84846,1.11195,1.12248,0.502263,1.84206,1.13186,0.865393,1.34177,1.01763,0.950890,1.29291,2.20073,2.54996,2.62777,1.69805,3.31317,3.17733,0.633707,1.59209,3.11932,1.17063,1.99698,0.662818,2.54166,0.917217,1.14584,2.52731,1.05259,1.19018,2.98450,2.23884,1.21265,2.37944,1.74646,3.04467,0.00000,0.00000,0.00000,0.00000,0.00000
164000,0.00000,0.00000,0.00000,0.00000,1.90696,1.15065,2.45765,0.757099,1.44817,1.28994,1.39182,0.782284,0.703005,0.721313,2.09797,1.22442,2.04099,1.34121,1.73736,2.59121,0.899579,1.40500,0.914884,3.81203,1.50076,1.42131,1.46903,0.497352,0.527756,1.22883,1.83685,2.39688,1.67627,0.389353,1.60822,0.917256,3.91592,1.52952,0.601529,1.90914,2.28292,1.26240,1.00294,1.67130,2.77266,0.00000,0.00000,0.00000,0.00000,0.00000
165000,0.00000,0.00000,0.00000,0.00000,2.55377,0.931081,3.10265,1.10136,0.741622,1.57720,1.86914,1.16031,0.711300,1.04865,1.17779,0.585306,1.58623,1.78598,0.787447,2.20374,0.769666,0.831789,1.16416,1.47921,1.58049,1.81522,3.16608,0.839713,0.675062,2.62032,1.02984,1.50217,0.636877,1.03134,1.77013,2.10330,0.780652,2.19993,1.30193,1.45303,1.50779,0.955723,2.79220,1.89457,6.64140,0.00000,0.00000,0.00000,0.00000,0.00000
166000,0.00000,0.00000,0.00000,0.00000,4.66846,1.67998,0.572469,0.548523,1.56521,2.02896,2.07144,1.89494,0.634987,0.777103,1.30377,1.71565,2.01978,1.40419,1.20044,1.25679,0.427904,3.28423,1.20198,2.09565,1.28081,1.66098,0.933061,1.09419,1.63569,2.95653,0.657501,2.35281,1.02183,0.605541,1.08367,1.44481,2.35782,1.94394,1.29511,1.86522,0.714960,1.70592,1.53236,0.583336,1.96935,0.00000,0.00000,0.00000,0.00000,0.00000
167000,0.00000,0.00000,0.00000,0.00000,1.73312,1.10518,2.10221,0.954829,1.31348,1.71517,0.865178,1.64746,2.06650,0.172205,1.79720,1.50352,1.80713,1.21953,1.63126,2.38944,1.81070,1.94349,3.33565,1.25322,1.43082,0.582439,2.00242,1.05193,2.35465,1.27162,1.67397,0.635116,1.32781,0.839451,2.05816,1.85118,2.74921,0.333957,0.578326,2.11859,1.44354,1.57984,1.02378,1.93344,3.22055,0.00000,0.00000,0.00000,0.00000,0.00000
168000,0.00000,0.00000,0.00000,0.00000,1.17158,1.28852,1.33469,0.376072,1.26742,1.27978,1.57823,1.01773,1.12453,0.786059,2.05576,1.35311,2.15704,3.07945,0.484992,2.18307,2.98791,0.548992,2.20524,3.20801,1.65873,1.75615,1.76752,1.47797,1.31951,2.17716,1.36477,1.30194,0.406116,1.44223,1.49275,0.906171,1.43797,1.37792,0.766925,3.03406,1.47172,2.44580,1.83756,2.42857,5.63783,0.00000,0.00000,0.00000,0.00000,0.00000
169000,0.00000,0.00000,0.00000,0.00000,2.12427,1.24581,1.80527,0.666136,0.604531,2.63217,1.72637,2.53129,1.67035,0.789828,1.43316,1.34788,3.96751,1.54093,1.90781,1.81400,2.21835,1.09960,2.68358,4.03581,3.21617,1.57709,2.53047,2.46151,0.915760,2.30731,1.59982,0.816809,1.06810,1.40350,1.20914,1.64821,1.41445,1.32824,0.730450,3.24795,2.34310,2.47873,2.24491,1.17837,1.70548,0.00000,0.00000,0.00000,0.00000,0.00000
170000,0.00000,0.00000,0.00000,0.00000,3.01262,1.47994,1.19907,0.288013,1.83513,1.60232,1.98704,3.16364,0.426358,1.25620,1.27515,1.87180,1.33812,1.17217,0.679132,2.11824,2.61924,2.52735,2.54506,1.12943,2.68501,1.87454,0.989539,3.22771,1.05473,1.98071,1.10959,1.98096,0.703858,1.47683,2.17697,3.58008,1.66720,1.76874,0.961648,2.18108,2.96493,2.44331,2.03520,0.849832,2.05524,0.00000,0.00000,0.00000,0.00000,0.00000
171000,0.00000,0.00000,0.00000,0.00000,3.47025,0.909290,1.02924,0.903919,1.50991,2.26260,0.640442,3.40216,1.30713,0.775816,1.24437,1.38475,3.39625,1.40466,2.01950,0.946664,0.963491,1.98109,2.36930,3.41139,1.51027,1.75657,2.06843,1.37111,1.76161,1.86117,0.869118,2.40097,1.58593,1.79607,1.30826,1.29513,2.17189,1.80566,0.900045,2.20646,2.38193,2.21687,0.978415,1.17168,5.81336,0.00000,0.00000,0.00000,0.00000,0.00000
172000,0.00000,0.00000,0.00000,0.00000,2.37807,1.17558,1.46078,1.18312,1.12269,3.05841,1.15882,0.578655,1.02393,0.838354,2.62609,0.903674,2.09682,1.75219,0.782403,2.78491,2.35756,2.74624,2.78338,1.37257,2.23280,2.01776,1.67127,1.41851,2.50916,1.97312,1.48197,1.88647,1.56359,3.50836,2.50092,0.880075,1.31273,1.05183,1.47358,0.971038,1.56717,1.73455,1.10238,1.98817,3.51812,0.00000,0.00000,0.00000,0.00000,0.00000
173000,0.00000,0.00000,0.00000,0.00000,3.06946,0.966132,2.43646,1.45980,0.938395,1.29379,0.580020,2.10245,1.28646,1.00675,1.70556,0.686413,2.45164,0.848935,1.71771,1.73991,1.86267,2.10973,2.22285,3.76477,1.35395,2.22245,2.41578,0.737979,2.43991,4.21427,1.24711,2.31825,0.174932,1.10930,1.97467,0.857317,2.34222,1.34284,0.592000,2.35676,1.55438,1.80038,2.16203,1.20698,5.25432,0.00000,0.00000,0.00000,0.00000,0.00000
174000,0.00000,0.00000,0.00000,0.00000,3.34268,1.53351,1.98358,1.65880,1.31811,2.76873,1.47078,1.02915,1.98819,2.79494,2.03077,0.960902,1.36430,0.973975,2.05361,1.27874,1.16453,1.73343,2.64065,0.912119,3.91395,1.28112,2.92754,2.12460,1.88655,3.53277,1.23324,0.642391,0.447058,1.03944,0.514318,1.98048,2.63012,0.224361,0.923852,0.825544,0.744735,1.99716,1.40250,2.50915,4.98552,0.00000,0.00000,0.00000,0.00000,0.00000
175000,0.00000,0.00000,0.00000,0.00000,3.03235,1.23324,2.03075,1.23103,2.42688,1.83488,1.51412,3.16692,1.05105,1.20747,1.53052,1.26561,1.88589,0.909189,1.78950,1.56159,1.95197,2.76751,1.13979,2.91914,1.52201,4.06107,2.01677,1.52218,2.32249,2.46482,1.25912,1.05801,1.06295,1.12990,2.09597,0.868296,2.11982,0.782595,1.84838,1.57496,1.42937,2.11390,2.08014,1.39276,6.79666,0.00000,0.00000,0.00000,0.00000,0.00000
176000,0.00000,0.00000,0.00000,0.00000,2.87077,1.46052,2.69248,1.86303,1.21853,0.768313,0.448456,2.79057,2.83388,1.07194,0.870170,1.13817,3.41096,1.50685,0.814627,0.574845,2.65020,2.12163,2.01844,2.80486,1.89533,1.47174,1.37808,1.62585,1.28280,1.61913,0.940655,1.55075,1.90904,1.36754,1.88205,0.992337,0.881281,0.683102,1.57908,1.41909,1.01878,1.63816,1.29793,1.18928,4.17766,0.00000,0.00000,0.00000,0.00000,0.00000
177000,0.00000,0.00000,0.00000,0.00000,0.945615,0.418262,1.86298,0.856931,0.916401,1.78349,1.74190,1.28151,2.02172,1.14849,2.13765,2.39685,2.50225,0.445989,1.60661,2.84716,2.29396,2.52060,2.17237,1.23375,2.59636,1.44823,1.62573,1.60125,0.464885,3.15301,1.96645,1.30825,1.60403,1.31899,2.07393,0.570940,0.683337,1.33351,0.721005,1.46574,0.608939,1.02279,1.78873,1.83768,3.88306,0.00000,0.00000,0.00000,0.00000,0.00000
178000,0.00000,0.00000,0.00000,0.00000,1.64098,0.627928,2.52386,1.29953,1.16070,1.04300,1.37745,1.17551,1.23444,0.769203,1.80624,1.05947,1.50948,0.530399,0.560559,1.62651,1.55206,1.03813,2.32376,2.63182,2.76821,1.93870,2.03704,0.948292,1.75997,1.84624,1.24882,1.97541,1.43254,0.896467,1.80463,1.04828,0.765024,0.877172,1.44021,1.26305,2.38315,2.46954,1.58571,1.62175,2.59803,0.00000,0.00000,0.00000,0.00000,0.00000
179000,0.00000,0.00000,0.00000,0.00000,2.07694,0.758340,1.70027,1.31111,0.761355,1.22918,0.842454,0.393576,0.468842,1.40222,2.58603,1.37197,2.15067,0.648283,0.784088,2.23561,0.695278,1.64143,1.52558,0.739998,3.57906,0.670774,1.40485,1.20091,2.28579,3.36383,1.45536,3.50587,1.76920,1.36104,2.27145,0.930098,1.96190,1.58464,0.932343,1.97717,1.21431,1.70585,1.37149,0.473882,6.63545,0.00000,0.00000,0.00000,0.00000,0.00000
180000,0.00000,0.00000,0.00000,0.00000,2.15324,1.58973,1.38050,0.622626,1.47827,3.17169,0.873514,0.433602,1.30695,1.34035,1.69247,1.62598,1.84803,0.990622,3.28044,3.01966,2.40611,0.812152,0.935600,1.60223,1.83982,1.77709,1.31422,2.30365,0.759413,1.80670,0.553598,1.37164,1.62758,0.997652,1.25172,1.51563,1.46173,0.274462,0.796461,2.13563,0.924377,2.37236,1.43900,1.16618,2.96809,0.00000,0.00000,0.00000,0.00000,0.00000
181000,0.00000,0.00000,0.00000,0.00000,2.17282,1.56603,1.39918,1.06600,1.37155,1.41938,1.05385,3.11782,0.632924,1.79011,1.58270,1.01703,1.23395,1.49528,1.65789,2.89468,2.56284,1.91048,2.05819,2.07960,1.33568,2.22829,1.66444,1.72213,0.451814,2.88475,1.45974,2.15997,1.43042,0.512902,0.972465,1.83781,1.83001,1.80348,1.07740,0.474659,0.715166,1.46133,1.96045,1.18403,2.39998,0.00000,0.00000,0.00000,0.00000,0.00000
182000,0.00000,0.00000,0.00000,0.00000,2.06094,0.927537,1.36228,1.57572,1.45379,1.51412,0.852739,1.65305,1.30056,0.743677,1.32896,0.844726,2.05980,1.34149,0.872494,2.57401,1.73722,2.83124,1.81617,3.05068,2.28903,0.627871,2.06497,0.936539,2.22717,0.823579,1.60864,1.60914,0.554973,0.677083,1.67529,1.63204,1.02926,1.11307,1.35122,1.74062,1.27710,2.54314,0.940226,1.49715,4.59420,0.00000,0.00000,0.00000,0.00000,0.00000
183000,0.00000,0.00000,0.00000,0.00000,2.54939,0.528775,1.35594,2.00639,1.84171,1.09980,0.610905,1.44343,1.75005,1.04828,0.725298,1.40595,1.49898,1.38727,1.93313,2.42147,2.19783,1.95548,4.07467,2.49510,2.32788,1.88992,1.79256,1.82616,1.20797,2.77964,1.50494,0.258082,0.314888,1.66676,0.354752,1.09569,2.30599,1.72881,1.62694,0.411106,1.70179,2.41455,1.79742,0.942777,4.95196,0.00000,0.00000,0.00000,0.00000,0.00000
184000,0.00000,0.00000,0.00000,0.00000,3.36944,1.42522,0.136443,1.47539,0.409436,2.00168,1.18467,2.33012,1.81368,0.308011,2.86438,0.705246,1.69329,1.03664,0.759005,2.53755,1.23593,2.14651,0.666558,2.02706,1.65906,1.01214,3.84511,0.727150,1.05482,2.19597,1.70600,0.638939,0.838692,1.52394,1.95032,1.92051,3.29397,0.537193,0.874341,0.989265,0.965708,0.834045,2.73522,0.711643,3.19945,0.00000,0.00000,0.00000,0.00000,0.00000
185000,0.00000,0.00000,0.00000,0.00000,2.41699,2.06800,1.94465,0.938149,1.00251,2.83334,0.743040,2.68120,0.378966,0.401287,1.66972,0.890470,1.47942,1.61413,1.32744,1.96154,3.08897,1.66037,2.42868,1.37481,2.50674,2.28991,1.76175,0.877973,1.09092,1.55378,1.03413,2.12787,0.872817,1.16851,1.13956,0.795972,1.87268,2.21011,1.53877,1.67187,1.38777,1.80886,1.61457,1.36584,5.78210,0.00000,0.00000,0.00000,0.00000,0.00000
186000,0.00000,0.00000,0.00000,0.00000,2.37506,1.31206,0.569436,0.866014,0.889194,0.792308,1.68656,1.21309,1.78979,0.862517,1.65739,1.15465,1.39453,2.02285,1.27053,0.870171,3.81644,2.99600,2.36409,2.20800,2.79235,2.28661,1.75608,1.30521,2.10825,2.01930,1.35978,1.85237,1.43757,1.31769,0.927185,1.39251,1.63384,0.685751,0.975751,1.31988,2.54770,1.06864,1.37382,0.563687,3.78018,0.00000,0.00000,0.00000,0.00000,0.00000
187000,0.00000,0.00000,0.00000,0.00000,1.39435,1.15122,0.973475,0.930380,1.12556,2.10459,0.584639,1.28917,0.464966,0.928377,1.67323,0.568041,2.45812,0.982896,1.53195,1.46476,2.66924,2.98635,0.532020,1.87497,1.55302,0.932490,1.54830,1.55595,1.16461,1.44691,1.54341,0.806118,2.68488,1.14833,1.47324,1.64955,1.19689,1.32216,1.02359,1.11965,1.74319,2.62793,0.767915,1.57769,2.42434,0.00000,0.00000,0.00000,0.00000,0.00000
188000,0.00000,0.00000,0.00000,0.00000,1.13413,0.755349,0.534966,0.655823,0.963849,1.01469,1.66055,3.84745,0.876231,1.31607,1.83319,0.844368,2.07668,1.14432,0.629666,1.68437,2.46830,0.806980,1.99290,1.53585,2.04110,2.78694,1.90947,0.718729,1.55206,2.93903,1.89071,2.48030,1.13158,1.80219,1.16103,1.64451,1.34556,1.04813,0.943377,2.31979,2.34612,0.573049,1.48324,2.62152,5.14372,0.00000,0.00000,0.00000,0.00000,0.00000
189000,0.00000,0.00000,0.00000,0.00000,3.04741,1.62744,2.45146,1.36138,1.56486,0.340932,1.41699,2.66299,1.74022,1.78675,1.55931,2.56751,1.42722,0.650304,1.63279,1.68400,1.14084,2.09418,4.26930,1.74928,2.92043,2.49368,2.04957,2.41953,0.798039,2.22912,0.698608,2.88255,0.940597,1.30523,3.64937,1.09513,3.65595,0.979192,0.797807,2.15777,0.717579,0.283355,3.03777,2.61786,4.65602,0.00000,0.00000,0.00000,0.00000,0.00000
190000,0.00000,0.00000,0.00000,0.00000,3.63535,0.949356,2.18893,1.50473,1.90371,1.69309,1.50671,2.76848,0.790097,1.46437,0.967814,1.01886,1.66111,1.08784,0.737869,2.24247,2.51394,2.58842,1.29070,1.92377,3.06353,1.66098,1.13608,1.90374,1.07445,1.91563,1.88836,2.18154,1.71275,1.25099,2.95862,0.590405,0.502697,1.17463,1.55775,1.51418,1.78332,2.76581,1.30720,3.05805,2.24746,0.00000,0.00000,0.00000,0.00000,0.00000
191000,0.00000,0.00000,0.00000,0.00000,1.86237,0.661875,2.42944,1.70396,1.06154,1.29214,1.69152,1.07811,1.53315,0.700425,2.74385,0.822514,1.82088,1.54545,1.51078,1.44663,1.04370,0.479399,1.02499,1.45329,2.74225,2.69495,1.59924,1.40549,1.93314,0.944406,1.20458,1.27037,1.45024,0.729534,1.48905,1.24231,0.817547,1.45794,1.54345,1.31529,2.27096,2.03122,3.35972,1.55125,5.03145,0.00000,0.00000,0.00000,0.00000,0.00000
192000,0.00000,0.00000,0.00000,0.00000,2.20174,1.32658,0.970675,1.51960,0.990359,2.16853,1.41619,1.08290,1.63320,2.00471,1.28676,0.989193,2.02777,0.886525,1.28221,1.93930,2.65938,0.737613,2.36933,1.46178,1.93910,0.959926,2.25205,0.848446,1.00069,2.21742,1.31883,1.73946,1.63807,1.92330,2.16286,1.43746,1.33150,1.16647,0.996990,2.30316,1.45314,1.07415,1.56904,1.98794,5.85054,0.00000,0.00000,0.00000,0.00000,0.00000
193000,0.00000,0.00000,0.00000,0.00000,1.68742,1.51994,0.994626,1.45280,1.01791,1.45407,0.810386,1.91406,2.08134,1.12409,2.15296,1.47355,1.91502,0.589928,1.47518,1.17817,0.728925,3.84010,1.61967,2.80098,2.96366,1.11707,1.15123,1.08995,1.25137,2.43884,2.05598,1.23615,1.37310,0.882604,2.62840,2.13858,3.07733,0.798967,0.500555,0.984514,0.771416,2.00201,1.71586,1.33801,6.35290,0.00000,0.00000,0.00000,0.00000,0.00000
194000,0.00000,0.00000,0.00000,0.00000,2.77363,1.24049,1.08093,0.725944,1.23350,1.85444,2.16860,0.632037,1.85385,0.901341,0.466169,1.62321,2.20488,2.18259,2.30930,2.06217,1.87422,0.809917,1.27364,2.63304,2.73310,2.51525,3.04744,1.69132,1.65990,2.27187,1.44422,1.69099,2.65959,0.696688,2.05779,0.284471,0.948970,1.09006,0.629771,1.76421,1.43609,2.39446,1.96530,2.19372,7.37926,0.00000,0.00000,0.00000,0.00000,0.00000
195000,0.00000,0.00000,0.00000,0.00000,1.83916,1.39385,0.779865,0.840737,2.21687,0.966857,0.918068,2.68787,0.435290,0.920404,0.449945,1.27081,1.95428,1.32879,1.93025,1.12395,1.47354,2.29398,1.64542,2.41569,1.98566,3.12958,1.29911,2.62046,1.20313,2.50331,1.80932,2.16578,1.20791,1.12308,1.22502,0.994041,0.623173,1.59490,0.717925,2.32601,0.232746,1.14989,2.09645,1.62231,1.44538,0.00000,0.00000,0.00000,0.00000,0.00000
196000,0.00000,0.00000,0.00000,0.00000,2.24381,0.617350,0.775417,1.39219,1.92436,2.62328,1.00794,2.75912,0.250255,2.13815,2.58580,0.773599,2.10222,0.843788,2.10085,1.03951,2.09634,2.66148,2.05727,2.56693,1.10939,2.68153,1.99254,1.14602,1.55196,3.38128,1.95199,1.57664,1.92242,1.44473,1.58605,1.82720,2.79775,2.21386,1.53286,1.23673,0.984887,0.967429,1.62294,0.251293,5.84210,0.00000,0.00000,0.00000,0.00000,0.00000
197000,0.00000,0.00000,0.00000,0.00000,1.75866,1.98389,1.83170,1.31499,0.983157,2.72564,0.977966,2.28696,2.05159,0.473389,1.86677,1.53796,2.68917,0.315954,1.45213,4.44103,0.915319,1.25467,1.80364,0.591057,3.06015,2.38700,2.15343,0.657614,2.34948,0.676594,1.18163,0.647967,2.08450,2.62523,1.20671,2.07836,2.03020,1.23864,1.57134,1.16249,1.74024,1.80510,2.23815,1.49223,4.34066,0.00000,0.00000,0.00000,0.00000,0.00000
198000,0.00000,0.00000,0.00000,0.00000,0.826123,1.17464,2.27888,0.990579,0.982239,0.371693,2.00866,3.72280,1.54138,1.62824,4.28660,0.613533,2.14081,1.51332,0.655998,0.456565,2.12602,1.91043,0.777382,1.91880,2.40226,2.17086,1.97154,1.65342,2.04718,1.49194,1.65812,2.28319,2.10091,1.89905,2.71675,0.841298,1.47863,1.55866,2.15722,1.41807,0.978670,1.81500,3.06303,1.37421,2.48514,0.00000,0.00000,0.00000,0.00000,0.00000
199000,0.00000,0.00000,0.00000,0.00000,2.47688,1.53487,2.48762,2.60920,0.263441,0.664441,2.02543,1.88799,0.581548,0.846080,1.47531,1.33681,2.86690,1.16238,1.73963,1.73585,2.10090,1.94029,2.33811,3.18489,1.61698,2.01541,1.55120,1.65054,1.68087,2.65040,1.16214,2.07697,1.92705,0.690767,2.09916,1.81673,3.18290,0.248694,1.75684,1.30599,1.94487,2.37569,1.55691,2.01556,3.27967,0.00000,0.00000,0.00000,0.00000,0.00000
